/*
 * Auto-generated by assets/convert_logo.py from
 * assets/source/anchor_logo.png at 140x140 (RGB565, LE).
 *
 * DO NOT EDIT BY HAND — regenerate via:
 *     python3 assets/convert_logo.py 140
 *
 * Author:  Colin Bitterfield <colin@bitterfield.com>
 * License: Proprietary
 */

#include "lvgl.h"

static const uint8_t anchor_logo_140_map[] = {
0x1b,0x2e,0x1b,0x2e,0x1b,0x2e,0x1b,0x2e,0x1b,0x2e,0x1b,0x2e,0x1b,0x2e,0x1b,0x2e,0x1b,0x2e,0x1b,0x2e,0x1b,0x2e,0x1b,0x2e,0x1b,0x2e,0x1b,0x2e,0x1b,0x2e,0x1b,0x2e,
0x1b,0x2e,0x1b,0x2e,0x1b,0x2e,0x1b,0x2e,0x1b,0x2e,0x1b,0x2e,0x1b,0x2e,0x1b,0x2e,0x1b,0x2e,0x1b,0x2e,0x1b,0x2e,0x1b,0x2e,0x1b,0x2e,0x1b,0x2e,0x1b,0x2e,0x1b,0x2e,
0x1b,0x2e,0x1b,0x2e,0x1b,0x2e,0x1b,0x2e,0x1b,0x2e,0x1b,0x2e,0x3b,0x2e,0x3b,0x2e,0x3b,0x2e,0x1b,0x2e,0x1b,0x2e,0x3b,0x2e,0x3b,0x2e,0x3b,0x2e,0x3b,0x2e,0x3b,0x2e,
0x3b,0x36,0x3b,0x2e,0x3b,0x36,0x3b,0x36,0x3b,0x36,0x3b,0x36,0x3b,0x36,0x3b,0x36,0x3b,0x36,0x3b,0x36,0x3b,0x36,0x3b,0x36,0x3b,0x36,0x3b,0x36,0x3b,0x36,0x3b,0x36,
0x3b,0x36,0x3b,0x36,0x3b,0x36,0x3b,0x2e,0x3b,0x36,0x3b,0x36,0x3b,0x2e,0x3b,0x36,0x3b,0x36,0x3b,0x36,0x3b,0x36,0x3b,0x2e,0x3b,0x36,0x3b,0x36,0x3b,0x2e,0x3b,0x2e,
0x3b,0x2e,0x3b,0x2e,0x3b,0x2e,0x3b,0x2e,0x3b,0x2e,0x3b,0x2e,0x3b,0x2e,0x3b,0x2e,0x3b,0x2e,0x3b,0x2e,0x3b,0x2e,0x3b,0x2e,0x3b,0x2e,0x3b,0x2e,0x3b,0x2e,0x3b,0x2e,
0x3b,0x2e,0x3b,0x2e,0x3b,0x2e,0x3b,0x2e,0x1b,0x2e,0x3b,0x2e,0x1b,0x2e,0x1b,0x2e,0x1b,0x2e,0x1b,0x2e,0x1b,0x2e,0x1b,0x2e,0x1b,0x2e,0x1b,0x2e,0x1b,0x2e,0x1b,0x2e,
0x1b,0x2e,0x1b,0x2e,0x1b,0x2e,0x1b,0x2e,0x1b,0x2e,0x1b,0x2e,0x1b,0x2e,0x1b,0x2e,0x1b,0x2e,0x1b,0x2e,0x1b,0x2e,0x1b,0x2e,0x1b,0x2e,0x1b,0x2e,0x1b,0x2e,0x1b,0x2e,
0x1b,0x2e,0x1b,0x2e,0x1b,0x2e,0x1b,0x2e,0x1b,0x2e,0x1b,0x2e,0x1b,0x2e,0x1b,0x2e,0x1b,0x2e,0x1b,0x2e,0x1b,0x2e,0x1b,0x26,0x1b,0x2e,0x1b,0x2e,0x1b,0x2e,0x1b,0x2e,
0x1b,0x2e,0x1b,0x2e,0x1b,0x2e,0x1b,0x2e,0x1b,0x2e,0x1b,0x2e,0x1b,0x2e,0x1b,0x2e,0x1b,0x2e,0x1b,0x2e,0x1b,0x2e,0x1b,0x2e,0x1b,0x2e,0x1b,0x2e,0x1b,0x2e,0x1b,0x2e,
0x1b,0x2e,0x1b,0x2e,0x1b,0x2e,0x1b,0x2e,0x1b,0x2e,0x1b,0x2e,0x1b,0x2e,0x1b,0x2e,0x1b,0x2e,0x3b,0x2e,0x1b,0x2e,0x3b,0x2e,0x3b,0x2e,0x3b,0x2e,0x3b,0x2e,0x3b,0x2e,
0x3b,0x2e,0x3b,0x2e,0x3b,0x2e,0x3b,0x2e,0x3b,0x2e,0x3b,0x2e,0x3b,0x2e,0x3b,0x36,0x3b,0x36,0x3b,0x36,0x3b,0x36,0x3b,0x36,0x3b,0x36,0x3b,0x36,0x3b,0x36,0x3b,0x36,
0x3b,0x36,0x3b,0x36,0x3b,0x36,0x3b,0x36,0x3b,0x36,0x3b,0x36,0x3b,0x36,0x3b,0x36,0x3b,0x36,0x3b,0x36,0x3b,0x36,0x3b,0x36,0x3b,0x36,0x3b,0x36,0x3b,0x36,0x3b,0x36,
0x3b,0x36,0x3b,0x36,0x3b,0x36,0x3b,0x36,0x3b,0x36,0x3b,0x36,0x3b,0x36,0x3b,0x36,0x3b,0x36,0x3b,0x36,0x3b,0x36,0x3b,0x36,0x3b,0x36,0x3b,0x36,0x3b,0x36,0x3b,0x2e,
0x3b,0x36,0x3b,0x2e,0x3b,0x2e,0x3b,0x2e,0x3b,0x2e,0x3b,0x2e,0x3b,0x2e,0x3b,0x2e,0x3b,0x2e,0x3b,0x2e,0x3b,0x2e,0x3b,0x2e,0x3b,0x2e,0x3b,0x2e,0x3b,0x2e,0x3b,0x2e,
0x3b,0x2e,0x3b,0x2e,0x3b,0x2e,0x3b,0x2e,0x3b,0x2e,0x3b,0x2e,0x3b,0x2e,0x3b,0x2e,0x1b,0x2e,0x3b,0x2e,0x3b,0x2e,0x1b,0x2e,0x1b,0x2e,0x1b,0x2e,0x1b,0x2e,0x1b,0x2e,
0x1b,0x2e,0x1b,0x2e,0x1b,0x2e,0x1b,0x2e,0x1b,0x2e,0x1b,0x2e,0x1b,0x2e,0x1b,0x2e,0x1b,0x2e,0x1b,0x2e,0x1b,0x2e,0x1b,0x2e,0x1b,0x2e,0x1b,0x2e,0x1b,0x2e,0x1b,0x2e,
0x1b,0x2e,0x1b,0x2e,0x1b,0x2e,0x1b,0x2e,0x1b,0x2e,0x1b,0x2e,0x1a,0x2e,0x1a,0x2e,0x1b,0x2e,0x1b,0x2e,0x1b,0x2e,0x1b,0x2e,0x1b,0x2e,0x1b,0x2e,0x1b,0x2e,0x1b,0x2e,
0x1b,0x2e,0x1b,0x2e,0x1b,0x2e,0x1b,0x2e,0x1b,0x2e,0x1b,0x2e,0x1b,0x2e,0x1b,0x2e,0x1b,0x2e,0x1b,0x2e,0x1b,0x2e,0x1b,0x2e,0x1b,0x2e,0x1b,0x2e,0x3b,0x2e,0x3b,0x2e,
0x3b,0x2e,0x3b,0x2e,0x1b,0x2e,0x3b,0x2e,0x3b,0x2e,0x3b,0x2e,0x3b,0x2e,0x3b,0x2e,0x3b,0x2e,0x3b,0x2e,0x3b,0x2e,0x3b,0x2e,0x3b,0x2e,0x3b,0x36,0x3b,0x36,0x3b,0x36,
0x3b,0x36,0x3b,0x36,0x3b,0x36,0x3b,0x36,0x3b,0x36,0x3b,0x36,0x3b,0x36,0x3b,0x36,0x3b,0x36,0x3b,0x36,0x3b,0x36,0x3b,0x36,0x3b,0x36,0x3b,0x36,0x3b,0x36,0x3b,0x36,
0x3b,0x36,0x3b,0x36,0x3b,0x36,0x3b,0x36,0x5b,0x36,0x3b,0x36,0x3b,0x36,0x3b,0x36,0x3b,0x36,0x3b,0x36,0x3b,0x36,0x3b,0x36,0x5b,0x36,0x5b,0x36,0x5b,0x36,0x5b,0x36,
0x3b,0x36,0x5b,0x36,0x5b,0x36,0x5b,0x36,0x5b,0x36,0x5b,0x36,0x5b,0x36,0x3b,0x36,0x3b,0x36,0x3b,0x36,0x3b,0x36,0x3b,0x36,0x3b,0x36,0x3b,0x36,0x3b,0x36,0x3b,0x36,
0x3b,0x2e,0x3b,0x2e,0x3b,0x2e,0x3b,0x2e,0x3b,0x2e,0x3b,0x2e,0x3b,0x2e,0x3b,0x2e,0x3b,0x2e,0x3b,0x2e,0x3b,0x2e,0x3b,0x2e,0x3b,0x2e,0x3b,0x2e,0x3b,0x2e,0x3b,0x2e,
0x3b,0x2e,0x3b,0x2e,0x3b,0x2e,0x3b,0x2e,0x3b,0x2e,0x3b,0x2e,0x3b,0x2e,0x3b,0x2e,0x3b,0x2e,0x3b,0x2e,0x1b,0x2e,0x3b,0x2e,0x3b,0x2e,0x1b,0x2e,0x1b,0x2e,0x1b,0x2e,
0x1b,0x2e,0x3b,0x2e,0x1b,0x2e,0x1b,0x2e,0x1b,0x2e,0x1b,0x2e,0x1b,0x2e,0x1b,0x2e,0x1b,0x2e,0x1b,0x2e,0x1b,0x2e,0x1b,0x2e,0x1b,0x2e,0x1b,0x2e,0x1b,0x2e,0x1b,0x2e,
0x1b,0x2e,0x1b,0x2e,0x1a,0x2e,0x1a,0x2e,0x1b,0x2e,0x1b,0x2e,0x1b,0x2e,0x1b,0x2e,0x1b,0x2e,0x1b,0x2e,0x1b,0x2e,0x1b,0x2e,0x1b,0x2e,0x1b,0x2e,0x1b,0x2e,0x1b,0x2e,
0x1b,0x2e,0x1b,0x2e,0x1b,0x2e,0x3b,0x2e,0x3b,0x2e,0x3b,0x2e,0x3b,0x2e,0x3b,0x2e,0x3b,0x2e,0x3b,0x2e,0x3b,0x2e,0x3b,0x2e,0x3b,0x2e,0x3b,0x2e,0x3b,0x2e,0x3b,0x2e,
0x3b,0x2e,0x3b,0x2e,0x3b,0x2e,0x3b,0x2e,0x3b,0x36,0x3b,0x36,0x3b,0x36,0x3b,0x36,0x3b,0x36,0x3b,0x36,0x3b,0x36,0x3b,0x36,0x3b,0x36,0x3b,0x36,0x3b,0x36,0x3b,0x36,
0x3b,0x36,0x3b,0x36,0x3b,0x36,0x3b,0x36,0x3b,0x36,0x3b,0x36,0x3b,0x36,0x3b,0x36,0x5b,0x36,0x3b,0x36,0x5b,0x36,0x5b,0x36,0x3b,0x36,0x3b,0x36,0x5b,0x36,0x5b,0x36,
0x5b,0x36,0x5b,0x36,0x5b,0x36,0x5b,0x36,0x5b,0x36,0x5b,0x36,0x5b,0x36,0x5b,0x36,0x5b,0x36,0x5b,0x36,0x5b,0x36,0x5b,0x36,0x5b,0x36,0x5b,0x36,0x5b,0x36,0x5b,0x36,
0x5b,0x36,0x5b,0x36,0x5b,0x36,0x5b,0x36,0x5b,0x36,0x5b,0x36,0x5b,0x36,0x5b,0x36,0x5b,0x36,0x5b,0x36,0x3b,0x36,0x5b,0x36,0x3b,0x36,0x3b,0x36,0x5b,0x36,0x3b,0x36,
0x3b,0x36,0x3b,0x36,0x3b,0x2e,0x3b,0x36,0x3b,0x2e,0x3b,0x2e,0x3b,0x2e,0x3b,0x2e,0x3b,0x2e,0x3b,0x2e,0x3b,0x2e,0x3b,0x2e,0x3b,0x2e,0x3b,0x2e,0x3b,0x2e,0x3b,0x2e,
0x3b,0x2e,0x3b,0x2e,0x3b,0x2e,0x3b,0x2e,0x3b,0x2e,0x3b,0x2e,0x3b,0x2e,0x3b,0x2e,0x3b,0x2e,0x3b,0x2e,0x3b,0x2e,0x3b,0x2e,0x3b,0x2e,0x3b,0x2e,0x3b,0x2e,0x3b,0x2e,
0x3b,0x2e,0x1b,0x2e,0x1b,0x2e,0x1b,0x2e,0x1b,0x2e,0x3b,0x2e,0x1b,0x2e,0x1a,0x2e,0x1b,0x2e,0x1b,0x2e,0x1b,0x2e,0x1b,0x2e,0x1b,0x2e,0x1a,0x2e,0x1b,0x2e,0x1a,0x2e,
0x1b,0x2e,0x3b,0x2e,0x1b,0x2e,0x1b,0x2e,0x1b,0x2e,0x3b,0x2e,0x1b,0x2e,0x1b,0x2e,0x3b,0x2e,0x3b,0x2e,0x1b,0x2e,0x3b,0x2e,0x3b,0x2e,0x3b,0x2e,0x3b,0x2e,0x3b,0x2e,
0x3b,0x2e,0x3b,0x2e,0x3b,0x2e,0x3b,0x2e,0x3b,0x2e,0x3b,0x2e,0x3b,0x2e,0x3b,0x36,0x3b,0x36,0x3b,0x36,0x3b,0x36,0x3b,0x36,0x3b,0x36,0x3b,0x36,0x3b,0x36,0x3b,0x36,
0x3b,0x36,0x3b,0x36,0x3b,0x36,0x3b,0x36,0x3b,0x36,0x3b,0x36,0x3b,0x36,0x5b,0x36,0x3b,0x36,0x5b,0x36,0x5b,0x36,0x3b,0x36,0x5b,0x36,0x5b,0x36,0x5b,0x36,0x5b,0x36,
0x5b,0x36,0x5b,0x36,0x5b,0x36,0x5b,0x36,0x5b,0x36,0x5b,0x36,0x5b,0x36,0x5b,0x36,0x5b,0x36,0x5b,0x36,0x5b,0x36,0x5b,0x36,0x5b,0x36,0x5b,0x36,0x5b,0x36,0x5b,0x36,
0x5b,0x36,0x5b,0x36,0x5b,0x36,0x5b,0x36,0x5b,0x36,0x5b,0x36,0x5b,0x36,0x5b,0x36,0x5b,0x36,0x5b,0x36,0x5b,0x36,0x5b,0x36,0x5b,0x36,0x5b,0x36,0x5b,0x36,0x5b,0x36,
0x5b,0x36,0x5b,0x36,0x5b,0x36,0x5b,0x36,0x5b,0x36,0x5b,0x36,0x5b,0x36,0x5b,0x36,0x5b,0x36,0x5b,0x36,0x5b,0x36,0x5b,0x36,0x3b,0x36,0x5b,0x36,0x3b,0x36,0x3b,0x36,
0x5b,0x36,0x3b,0x36,0x3b,0x36,0x3b,0x36,0x3b,0x36,0x3b,0x2e,0x3b,0x2e,0x3b,0x2e,0x3b,0x2e,0x3b,0x2e,0x3b,0x2e,0x3b,0x2e,0x3b,0x2e,0x3b,0x2e,0x3b,0x2e,0x3b,0x2e,
0x3b,0x2e,0x3b,0x2e,0x3b,0x2e,0x3b,0x2e,0x3b,0x2e,0x3b,0x2e,0x3b,0x2e,0x3b,0x2e,0x3b,0x2e,0x3b,0x2e,0x3b,0x2e,0x3b,0x2e,0x3b,0x2e,0x3b,0x2e,0x3b,0x2e,0x3b,0x2e,
0x3b,0x2e,0x3a,0x2e,0x3b,0x2e,0x3a,0x2e,0x3a,0x2e,0x3a,0x2e,0x3a,0x2e,0x3a,0x2e,0x3a,0x2e,0x3a,0x2e,0x3a,0x2e,0x1a,0x2e,0x3a,0x2e,0x3b,0x2e,0x3b,0x2e,0x1b,0x2e,
0x3b,0x2e,0x3b,0x2e,0x3b,0x2e,0x3b,0x2e,0x3b,0x2e,0x3b,0x2e,0x3b,0x2e,0x3b,0x2e,0x3b,0x2e,0x3b,0x2e,0x3b,0x2e,0x3b,0x2e,0x3b,0x2e,0x3b,0x2e,0x3b,0x36,0x3b,0x36,
0x3b,0x36,0x3b,0x36,0x3b,0x36,0x3b,0x36,0x3b,0x36,0x3b,0x36,0x3b,0x36,0x3b,0x36,0x3b,0x36,0x3b,0x36,0x3b,0x36,0x3b,0x36,0x3b,0x36,0x5b,0x36,0x5b,0x36,0x5b,0x36,
0x3b,0x36,0x5b,0x36,0x5b,0x36,0x5b,0x36,0x5b,0x36,0x5b,0x36,0x5b,0x36,0x5b,0x36,0x5b,0x36,0x5b,0x36,0x5b,0x36,0x5b,0x36,0x5b,0x36,0x5b,0x36,0x5b,0x36,0x5b,0x36,
0x5b,0x36,0x5b,0x36,0x5b,0x36,0x5b,0x3e,0x5b,0x3e,0x5b,0x3e,0x5b,0x36,0x5b,0x36,0x5b,0x3e,0x5b,0x36,0x5b,0x36,0x5b,0x3e,0x5b,0x3e,0x5b,0x3e,0x5b,0x3e,0x5b,0x3e,
0x5b,0x3e,0x5b,0x3e,0x5b,0x3e,0x5b,0x3e,0x5b,0x36,0x5b,0x36,0x5b,0x36,0x5b,0x36,0x5b,0x36,0x5b,0x36,0x5b,0x36,0x5b,0x36,0x5b,0x36,0x5b,0x36,0x5b,0x36,0x5b,0x36,
0x5b,0x36,0x5b,0x36,0x5b,0x36,0x5b,0x36,0x5b,0x36,0x5b,0x36,0x5b,0x36,0x5b,0x36,0x5b,0x36,0x5b,0x36,0x5b,0x36,0x5b,0x36,0x5b,0x36,0x5b,0x36,0x5b,0x36,0x5b,0x36,
0x5b,0x36,0x5b,0x36,0x3b,0x36,0x3b,0x36,0x5b,0x36,0x3b,0x36,0x3b,0x36,0x3b,0x36,0x3b,0x2e,0x3b,0x2e,0x3b,0x2e,0x3b,0x2e,0x3b,0x2e,0x3b,0x2e,0x3b,0x2e,0x3b,0x2e,
0x3b,0x2e,0x3b,0x2e,0x3a,0x2e,0x3a,0x2e,0x3a,0x2e,0x3b,0x2e,0x3a,0x2e,0x3b,0x2e,0x3a,0x2e,0x3b,0x2e,0x3b,0x2e,0x3a,0x2e,0x3a,0x2e,0x3a,0x2e,0x3a,0x2e,0x3a,0x2e,
0x3b,0x2e,0x3a,0x2e,0x3a,0x2e,0x3a,0x2e,0x3a,0x2e,0x3a,0x2e,0x3a,0x2e,0x3a,0x2e,0x3a,0x2e,0x3b,0x2e,0x3b,0x2e,0x3a,0x2e,0x3b,0x2e,0x3b,0x2e,0x3b,0x2e,0x3b,0x2e,
0x3b,0x2e,0x3b,0x2e,0x3b,0x36,0x3b,0x2e,0x3b,0x36,0x3b,0x36,0x3b,0x36,0x3b,0x36,0x3b,0x36,0x3b,0x36,0x3b,0x36,0x3b,0x36,0x3b,0x36,0x3b,0x36,0x3b,0x36,0x3b,0x36,
0x3b,0x36,0x3b,0x36,0x3b,0x36,0x5b,0x36,0x5b,0x36,0x3b,0x36,0x5b,0x36,0x5b,0x36,0x5b,0x36,0x5b,0x36,0x5b,0x36,0x5b,0x36,0x5b,0x36,0x5b,0x36,0x5b,0x36,0x5b,0x36,
0x5b,0x36,0x5b,0x36,0x5b,0x36,0x5b,0x36,0x5b,0x36,0x5b,0x36,0x5b,0x36,0x5b,0x36,0x5b,0x3e,0x5b,0x3e,0x5b,0x3e,0x5b,0x3e,0x5b,0x3e,0x5b,0x3e,0x5b,0x3e,0x5b,0x3e,
0x5b,0x3e,0x5b,0x3e,0x5b,0x3e,0x5b,0x3e,0x5b,0x3e,0x5b,0x3e,0x5b,0x3e,0x5b,0x3e,0x7b,0x3e,0x5b,0x3e,0x5b,0x3e,0x5b,0x3e,0x5b,0x3e,0x5b,0x3e,0x7b,0x3e,0x5b,0x3e,
0x5b,0x3e,0x5b,0x3e,0x7b,0x3e,0x7b,0x3e,0x5b,0x3e,0x5b,0x3e,0x5b,0x3e,0x5b,0x36,0x5b,0x36,0x5b,0x36,0x5b,0x36,0x5b,0x36,0x5b,0x36,0x5b,0x36,0x5b,0x36,0x5b,0x36,
0x5b,0x36,0x5b,0x36,0x5b,0x36,0x5b,0x36,0x5b,0x36,0x5b,0x36,0x5b,0x36,0x5b,0x36,0x5b,0x36,0x5b,0x36,0x5b,0x36,0x5b,0x36,0x5b,0x36,0x5b,0x36,0x5b,0x36,0x5b,0x36,
0x5b,0x36,0x5b,0x36,0x5b,0x36,0x5b,0x36,0x5b,0x36,0x5b,0x36,0x3b,0x36,0x3b,0x2e,0x5b,0x36,0x5b,0x2e,0x3b,0x2e,0x3b,0x2e,0x3b,0x2e,0x3b,0x2e,0x3a,0x2e,0x3a,0x2e,
0x3a,0x2e,0x3b,0x2e,0x3a,0x2e,0x3a,0x2e,0x3a,0x2e,0x3a,0x2e,0x3a,0x2e,0x3a,0x2e,0x3a,0x2e,0x3b,0x2e,0x3a,0x2e,0x3a,0x2e,0x3a,0x2e,0x3a,0x2e,0x3a,0x2e,0x3a,0x2e,
0x3a,0x2e,0x3a,0x2e,0x3a,0x2e,0x3a,0x2e,0x3a,0x2e,0x3a,0x2e,0x3b,0x2e,0x3b,0x2e,0x3b,0x36,0x3b,0x2e,0x3b,0x2e,0x3b,0x2e,0x3b,0x36,0x3b,0x36,0x3b,0x36,0x3b,0x36,
0x3b,0x36,0x3b,0x36,0x3b,0x36,0x3b,0x36,0x3b,0x36,0x3b,0x36,0x3b,0x36,0x3b,0x36,0x3b,0x36,0x5b,0x36,0x5b,0x36,0x5b,0x36,0x5b,0x36,0x5b,0x36,0x5b,0x36,0x5b,0x36,
0x5b,0x36,0x5b,0x36,0x5b,0x36,0x5b,0x36,0x5b,0x36,0x5b,0x36,0x5b,0x36,0x5b,0x36,0x5b,0x36,0x5b,0x36,0x5b,0x36,0x5b,0x36,0x5b,0x36,0x5b,0x3e,0x5b,0x3e,0x5b,0x3e,
0x5b,0x3e,0x5b,0x3e,0x5b,0x3e,0x5b,0x3e,0x5b,0x3e,0x5b,0x3e,0x5b,0x3e,0x5b,0x3e,0x5b,0x3e,0x5b,0x3e,0x5b,0x3e,0x7b,0x3e,0x5b,0x3e,0x7b,0x3e,0x7b,0x3e,0x7b,0x3e,
0x7b,0x3e,0x7b,0x3e,0x7b,0x3e,0x7b,0x3e,0x7b,0x3e,0x7b,0x3e,0x7b,0x3e,0x7b,0x3e,0x7b,0x3e,0x7b,0x3e,0x7b,0x3e,0x7b,0x3e,0x7b,0x3e,0x7b,0x3e,0x7b,0x3e,0x7b,0x3e,
0x7b,0x3e,0x7b,0x3e,0x7b,0x3e,0x7b,0x3e,0x7b,0x3e,0x7b,0x3e,0x7b,0x3e,0x7b,0x3e,0x5b,0x3e,0x5b,0x3e,0x5b,0x36,0x5b,0x36,0x5b,0x36,0x5b,0x36,0x5b,0x36,0x5b,0x36,
0x5b,0x36,0x5b,0x36,0x5b,0x36,0x5b,0x36,0x5b,0x36,0x5b,0x36,0x5b,0x36,0x5b,0x36,0x5b,0x36,0x5b,0x36,0x5b,0x36,0x5b,0x36,0x5b,0x36,0x5b,0x36,0x5b,0x36,0x5b,0x36,
0x5b,0x36,0x5b,0x36,0x5b,0x36,0x5b,0x36,0x5b,0x36,0x5b,0x36,0x5b,0x36,0x5b,0x36,0x5b,0x36,0x5a,0x36,0x3b,0x2e,0x3b,0x2e,0x3a,0x2e,0x3a,0x2e,0x3b,0x2e,0x3a,0x2e,
0x3a,0x2e,0x3a,0x2e,0x3a,0x2e,0x3a,0x2e,0x3a,0x2e,0x3a,0x2e,0x3a,0x2e,0x3a,0x2e,0x3a,0x2e,0x3a,0x2e,0x3a,0x2e,0x3a,0x2e,0x3a,0x2e,0x3a,0x2e,0x3a,0x2e,0x3a,0x2e,
0x3a,0x2e,0x3a,0x2e,0x3a,0x36,0x3b,0x36,0x3b,0x36,0x3b,0x36,0x3b,0x36,0x3b,0x36,0x3b,0x36,0x3b,0x36,0x3b,0x36,0x3b,0x36,0x3b,0x36,0x3b,0x36,0x3b,0x36,0x3b,0x36,
0x5b,0x36,0x3b,0x36,0x5b,0x36,0x5b,0x36,0x5b,0x36,0x5b,0x36,0x5b,0x36,0x5b,0x36,0x5b,0x36,0x5b,0x36,0x5b,0x36,0x5b,0x36,0x5b,0x36,0x5b,0x36,0x5b,0x36,0x5b,0x36,
0x5b,0x36,0x5b,0x36,0x5b,0x36,0x5b,0x36,0x5b,0x36,0x5b,0x3e,0x5b,0x3e,0x5b,0x3e,0x5b,0x3e,0x5b,0x3e,0x5b,0x3e,0x5b,0x3e,0x5b,0x3e,0x7b,0x3e,0x7b,0x3e,0x7b,0x3e,
0x7b,0x3e,0x5b,0x3e,0x7b,0x3e,0x7b,0x3e,0x7b,0x3e,0x7b,0x3e,0x7b,0x3e,0x7b,0x3e,0x7b,0x3e,0x7b,0x3e,0x7b,0x3e,0x7b,0x3e,0x7b,0x3e,0x7b,0x3e,0x7b,0x3e,0x7b,0x3e,
0x7b,0x3e,0x7b,0x3e,0x7b,0x3e,0x7b,0x3e,0x7b,0x3e,0x7b,0x3e,0x7b,0x3e,0x7b,0x3e,0x7b,0x3e,0x7b,0x3e,0x7b,0x3e,0x7b,0x3e,0x7b,0x3e,0x7b,0x3e,0x7b,0x3e,0x7b,0x3e,
0x7b,0x3e,0x7b,0x3e,0x7b,0x3e,0x7b,0x3e,0x7b,0x3e,0x7b,0x3e,0x7b,0x3e,0x7b,0x3e,0x7b,0x36,0x7b,0x36,0x5b,0x36,0x5b,0x36,0x7b,0x36,0x5b,0x36,0x5b,0x36,0x5b,0x36,
0x5b,0x36,0x5b,0x36,0x5b,0x36,0x5b,0x36,0x5b,0x36,0x5b,0x36,0x5b,0x36,0x5b,0x36,0x5b,0x36,0x5b,0x36,0x5b,0x36,0x5b,0x36,0x5b,0x36,0x5b,0x36,0x5b,0x36,0x5b,0x36,
0x5b,0x36,0x5b,0x36,0x5b,0x36,0x5a,0x36,0x5a,0x36,0x5a,0x36,0x5a,0x36,0x5a,0x36,0x3a,0x36,0x5a,0x36,0x5a,0x36,0x5a,0x36,0x3a,0x36,0x3a,0x2e,0x5a,0x36,0x5a,0x36,
0x3a,0x36,0x3a,0x2e,0x3a,0x2e,0x3a,0x2e,0x3a,0x2e,0x3a,0x2e,0x3a,0x2e,0x3a,0x2e,0x3a,0x2e,0x3a,0x2e,0x3a,0x2e,0x3a,0x2e,0x3a,0x36,0x3a,0x36,0x3b,0x36,0x3a,0x36,
0x3a,0x36,0x3b,0x36,0x3b,0x36,0x3a,0x36,0x3b,0x36,0x3b,0x36,0x3b,0x36,0x5b,0x36,0x5b,0x36,0x5b,0x36,0x5b,0x36,0x5b,0x36,0x5b,0x36,0x5b,0x36,0x5b,0x36,0x5b,0x36,
0x5b,0x36,0x5b,0x36,0x5b,0x36,0x5b,0x36,0x5b,0x36,0x5b,0x36,0x5b,0x36,0x5b,0x36,0x5b,0x36,0x5b,0x36,0x5b,0x36,0x5b,0x36,0x5b,0x36,0x5b,0x36,0x5b,0x36,0x5b,0x3e,
0x5b,0x3e,0x5b,0x3e,0x5b,0x3e,0x7b,0x3e,0x7b,0x3e,0x7b,0x3e,0x7b,0x3e,0x7b,0x3e,0x7b,0x3e,0x7b,0x3e,0x7b,0x3e,0x7b,0x3e,0x7b,0x3e,0x7b,0x3e,0x7b,0x3e,0x7b,0x3e,
0x7b,0x3e,0x7b,0x3e,0x7b,0x3e,0x7b,0x3e,0x7b,0x3e,0x7b,0x3e,0x7b,0x3e,0x7b,0x3e,0x7b,0x3e,0x7b,0x3e,0x7b,0x3e,0x7b,0x3e,0x7b,0x3e,0x7b,0x3e,0x7b,0x3e,0x7b,0x3e,
0x7b,0x3e,0x7b,0x3e,0x7b,0x3e,0x7b,0x3e,0x7b,0x3e,0x7b,0x3e,0x7b,0x3e,0x7b,0x3e,0x7b,0x3e,0x7b,0x3e,0x7b,0x3e,0x7b,0x3e,0x7b,0x3e,0x7b,0x3e,0x7b,0x3e,0x7b,0x3e,
0x7b,0x3e,0x7b,0x3e,0x7b,0x3e,0x7b,0x3e,0x7b,0x3e,0x7b,0x3e,0x7b,0x3e,0x7b,0x3e,0x7b,0x36,0x7b,0x36,0x7b,0x36,0x7b,0x3e,0x7b,0x36,0x7b,0x36,0x7b,0x36,0x5b,0x36,
0x7b,0x36,0x7b,0x36,0x5b,0x36,0x5b,0x36,0x5b,0x36,0x5b,0x36,0x5b,0x36,0x5b,0x36,0x5b,0x36,0x5b,0x36,0x5b,0x36,0x5b,0x36,0x5b,0x36,0x5b,0x36,0x5b,0x36,0x5b,0x36,
0x5b,0x36,0x5b,0x36,0x5a,0x36,0x5a,0x36,0x5a,0x36,0x5a,0x36,0x5a,0x36,0x5a,0x36,0x5a,0x36,0x5a,0x36,0x5a,0x36,0x5a,0x36,0x5a,0x36,0x3a,0x36,0x3a,0x36,0x3a,0x36,
0x5a,0x36,0x5a,0x36,0x5a,0x2e,0x5a,0x36,0x5a,0x36,0x3a,0x2e,0x3a,0x2e,0x3a,0x2e,0x3a,0x36,0x3a,0x36,0x3a,0x36,0x3a,0x36,0x3a,0x36,0x5b,0x36,0x5b,0x36,0x5a,0x36,
0x5b,0x36,0x5b,0x36,0x5b,0x36,0x5b,0x36,0x5b,0x36,0x5b,0x36,0x5b,0x36,0x5b,0x36,0x5b,0x36,0x5b,0x36,0x5b,0x36,0x5b,0x36,0x5b,0x36,0x5b,0x36,0x5b,0x36,0x5b,0x36,
0x5b,0x36,0x5b,0x36,0x5b,0x36,0x5b,0x36,0x5b,0x36,0x5b,0x36,0x5b,0x3e,0x5b,0x3e,0x7b,0x3e,0x5b,0x3e,0x7b,0x3e,0x7b,0x3e,0x7b,0x3e,0x7b,0x3e,0x7b,0x3e,0x7b,0x3e,
0x7b,0x3e,0x7b,0x3e,0x7b,0x3e,0x7b,0x3e,0x7b,0x3e,0x7b,0x3e,0x7b,0x3e,0x7b,0x3e,0x7b,0x3e,0x7b,0x3e,0x7b,0x3e,0x7b,0x3e,0x7b,0x3e,0x7b,0x3e,0x7b,0x3e,0x7b,0x3e,
0x7b,0x3e,0x7b,0x3e,0x7b,0x3e,0x7b,0x46,0x7b,0x46,0x7b,0x46,0x7b,0x46,0x9b,0x46,0x7b,0x46,0x7b,0x46,0x7b,0x46,0x7b,0x46,0x7b,0x46,0x7b,0x3e,0x7b,0x3e,0x7b,0x46,
0x7b,0x3e,0x7b,0x3e,0x7b,0x3e,0x7b,0x3e,0x7b,0x3e,0x7b,0x3e,0x7b,0x3e,0x7b,0x3e,0x7b,0x3e,0x7b,0x3e,0x7b,0x3e,0x7b,0x3e,0x7b,0x3e,0x7b,0x3e,0x7b,0x3e,0x7b,0x3e,
0x7b,0x3e,0x7b,0x3e,0x7b,0x3e,0x7b,0x3e,0x7b,0x3e,0x7b,0x3e,0x7b,0x3e,0x5b,0x36,0x7b,0x3e,0x7b,0x36,0x7b,0x36,0x7b,0x36,0x7b,0x36,0x7b,0x36,0x7b,0x36,0x7b,0x36,
0x7b,0x36,0x7b,0x36,0x7b,0x36,0x7b,0x36,0x5b,0x36,0x5b,0x36,0x5b,0x36,0x5b,0x36,0x5b,0x36,0x5b,0x36,0x5a,0x36,0x5b,0x36,0x5b,0x36,0x5a,0x36,0x5a,0x36,0x5a,0x36,
0x5a,0x36,0x5a,0x36,0x5a,0x36,0x5a,0x36,0x5a,0x36,0x5a,0x36,0x5a,0x36,0x5a,0x36,0x5a,0x36,0x5a,0x36,0x5a,0x36,0x5a,0x36,0x5a,0x36,0x5a,0x36,0x5a,0x36,0x5a,0x36,
0x5a,0x36,0x5a,0x36,0x5a,0x36,0x5a,0x36,0x5a,0x36,0x3a,0x36,0x3a,0x36,0x5a,0x36,0x5a,0x36,0x5b,0x36,0x5a,0x36,0x5a,0x36,0x5a,0x36,0x5b,0x36,0x5b,0x36,0x5b,0x36,
0x5b,0x36,0x5b,0x36,0x5b,0x36,0x5b,0x36,0x5b,0x36,0x5b,0x36,0x5b,0x36,0x5b,0x36,0x5b,0x36,0x5b,0x36,0x5b,0x36,0x5b,0x3e,0x7b,0x3e,0x5b,0x3e,0x5b,0x3e,0x5b,0x36,
0x7b,0x3e,0x7b,0x3e,0x5b,0x3e,0x7b,0x3e,0x7b,0x3e,0x7b,0x3e,0x7b,0x3e,0x7b,0x3e,0x7b,0x3e,0x7b,0x3e,0x7b,0x3e,0x7b,0x3e,0x7b,0x3e,0x7b,0x3e,0x7b,0x3e,0x7b,0x3e,
0x7b,0x3e,0x7b,0x3e,0x7b,0x3e,0x7b,0x3e,0x7b,0x3e,0x7b,0x3e,0x7b,0x46,0x7b,0x46,0x7b,0x46,0x7b,0x46,0x7b,0x46,0x9b,0x46,0x7b,0x46,0x7b,0x46,0x7b,0x46,0x7b,0x46,
0x9b,0x46,0x9b,0x46,0x9b,0x46,0x9b,0x46,0x9b,0x46,0x9b,0x46,0x9b,0x46,0x9b,0x46,0x9b,0x46,0x9b,0x46,0x9b,0x46,0x9b,0x46,0x9b,0x46,0x9b,0x46,0x9b,0x46,0x9b,0x46,
0x7b,0x46,0x7b,0x46,0x9b,0x46,0x9b,0x46,0x7b,0x46,0x7b,0x3e,0x7b,0x3e,0x7b,0x3e,0x7b,0x3e,0x7b,0x3e,0x7b,0x3e,0x7b,0x3e,0x7b,0x3e,0x7b,0x3e,0x7b,0x3e,0x7b,0x3e,
0x7b,0x3e,0x7b,0x3e,0x7b,0x3e,0x9b,0x56,0x7b,0x36,0x7b,0x3e,0x7b,0x3e,0x7b,0x3e,0x7b,0x3e,0x7b,0x3e,0x7b,0x36,0x7b,0x36,0x7b,0x36,0x7b,0x36,0x7b,0x36,0x7b,0x36,
0x7b,0x36,0x5b,0x36,0x5b,0x36,0x5b,0x36,0x5b,0x36,0x5b,0x36,0x5b,0x36,0x5b,0x36,0x5b,0x36,0x5a,0x36,0x5a,0x36,0x5a,0x36,0x5a,0x36,0x5a,0x36,0x5a,0x36,0x5a,0x36,
0x5a,0x36,0x5a,0x36,0x5a,0x36,0x5a,0x36,0x5a,0x36,0x5a,0x36,0x5a,0x36,0x5a,0x36,0x5a,0x36,0x5a,0x36,0x5a,0x36,0x5a,0x36,0x5a,0x36,0x5a,0x36,0x5a,0x36,0x5a,0x36,
0x5a,0x36,0x5a,0x36,0x5a,0x36,0x5a,0x36,0x5a,0x36,0x5a,0x36,0x5b,0x36,0x5b,0x36,0x5b,0x36,0x5a,0x36,0x5b,0x36,0x5b,0x36,0x5b,0x36,0x5b,0x36,0x5b,0x36,0x5b,0x36,
0x5b,0x36,0x5b,0x36,0x5b,0x36,0x5b,0x36,0x5b,0x36,0x5b,0x36,0x5b,0x3e,0x5b,0x3e,0x7b,0x3e,0x7b,0x3e,0x7b,0x3e,0x7b,0x3e,0x7b,0x3e,0x7b,0x3e,0x7b,0x3e,0x7b,0x3e,
0x7b,0x3e,0x7b,0x3e,0x7b,0x3e,0x7b,0x3e,0x7b,0x3e,0x7b,0x3e,0x7b,0x3e,0x7b,0x3e,0x7b,0x3e,0x7b,0x3e,0x7b,0x3e,0x7b,0x46,0x7b,0x3e,0x7b,0x46,0x7b,0x46,0x9b,0x46,
0x7b,0x46,0x9b,0x46,0x7b,0x46,0x9b,0x46,0x9b,0x46,0x9b,0x46,0x9b,0x46,0x9b,0x46,0x9b,0x46,0x9b,0x46,0x9b,0x46,0x9b,0x46,0x9b,0x46,0x9b,0x46,0x9b,0x46,0x9b,0x46,
0x9b,0x46,0x9b,0x46,0x9b,0x46,0x9b,0x46,0x9b,0x46,0x9b,0x46,0x9b,0x46,0x9b,0x46,0x9b,0x46,0x9b,0x46,0x9b,0x46,0x9b,0x46,0x9b,0x46,0x9b,0x46,0x9b,0x46,0x9b,0x46,
0x9b,0x46,0x9b,0x46,0x9b,0x46,0x7b,0x3e,0x9b,0x3e,0x7b,0x3e,0x7b,0x3e,0x9b,0x3e,0x7b,0x3e,0x7b,0x3e,0x7b,0x3e,0x7b,0x3e,0x7b,0x3e,0x7b,0x3e,0x5b,0x2e,0x5d,0xa7,
0x3d,0x9f,0x5a,0x26,0x7b,0x3e,0x7b,0x3e,0x7b,0x3e,0x7b,0x3e,0x7b,0x3e,0x7b,0x3e,0x7b,0x3e,0x7b,0x36,0x7b,0x36,0x7b,0x36,0x7b,0x36,0x7b,0x36,0x7b,0x36,0x7b,0x36,
0x7b,0x36,0x5b,0x36,0x5b,0x36,0x5b,0x36,0x5b,0x36,0x5a,0x36,0x5a,0x36,0x5a,0x36,0x5a,0x36,0x5a,0x36,0x5a,0x36,0x5a,0x36,0x5a,0x36,0x5a,0x36,0x5a,0x36,0x5a,0x36,
0x5a,0x36,0x5a,0x36,0x5a,0x36,0x5a,0x36,0x5a,0x36,0x5a,0x36,0x5a,0x36,0x5a,0x36,0x5a,0x36,0x5a,0x36,0x5a,0x36,0x5a,0x36,0x5a,0x36,0x5a,0x36,0x5a,0x36,0x5a,0x36,
0x5a,0x36,0x5b,0x36,0x5a,0x36,0x5b,0x36,0x5b,0x36,0x5a,0x36,0x5b,0x36,0x5b,0x36,0x5b,0x36,0x5b,0x36,0x5b,0x36,0x5b,0x36,0x5b,0x36,0x5b,0x36,0x5b,0x3e,0x7b,0x3e,
0x7b,0x3e,0x7b,0x3e,0x7b,0x3e,0x7b,0x3e,0x7b,0x3e,0x7b,0x3e,0x7b,0x3e,0x7b,0x3e,0x7b,0x3e,0x7b,0x3e,0x7b,0x3e,0x7b,0x3e,0x7b,0x3e,0x7b,0x3e,0x7b,0x3e,0x7b,0x3e,
0x7b,0x3e,0x7b,0x3e,0x7b,0x3e,0x7b,0x3e,0x7b,0x3e,0x7b,0x3e,0x9b,0x46,0x7b,0x46,0x9b,0x46,0x9b,0x46,0x9b,0x46,0x9b,0x46,0x9b,0x46,0x9b,0x46,0x9b,0x46,0x9b,0x46,
0x9b,0x46,0x9b,0x46,0x9b,0x46,0x9b,0x46,0x9b,0x46,0x9b,0x46,0x9b,0x46,0x9b,0x46,0x9b,0x46,0x9b,0x46,0x9b,0x46,0x9b,0x46,0x9b,0x46,0x9b,0x46,0x9b,0x46,0x9b,0x46,
0x9b,0x46,0x9b,0x46,0x9b,0x46,0x9b,0x46,0x9b,0x46,0x9b,0x46,0x9b,0x46,0x9b,0x46,0x9b,0x46,0x9b,0x46,0x9b,0x46,0x9b,0x46,0x9b,0x46,0x9b,0x46,0x9b,0x46,0x9b,0x46,
0x9b,0x46,0x9b,0x46,0x9b,0x46,0x9b,0x3e,0x9b,0x3e,0x9b,0x3e,0x9b,0x3e,0x9b,0x3e,0x9b,0x3e,0x9b,0x46,0x5b,0x2e,0x1c,0x87,0xff,0xff,0x1d,0x8f,0x5b,0x2e,0x9b,0x3e,
0x7b,0x3e,0x7b,0x3e,0x7b,0x3e,0x7b,0x3e,0x7b,0x3e,0x7b,0x3e,0x7b,0x3e,0x7b,0x36,0x7b,0x3e,0x7b,0x3e,0x7b,0x36,0x7b,0x36,0x7b,0x36,0x7b,0x36,0x7b,0x36,0x7b,0x36,
0x7b,0x36,0x5b,0x36,0x5a,0x36,0x5a,0x36,0x5a,0x36,0x5a,0x36,0x5a,0x36,0x5a,0x36,0x5a,0x36,0x5a,0x36,0x5a,0x36,0x5a,0x36,0x5a,0x36,0x5a,0x36,0x5a,0x36,0x5a,0x36,
0x5a,0x36,0x5a,0x36,0x5a,0x36,0x5a,0x36,0x5a,0x36,0x5a,0x36,0x5a,0x36,0x5a,0x36,0x5a,0x36,0x5a,0x36,0x5a,0x36,0x5a,0x36,0x5a,0x36,0x5a,0x36,0x5b,0x36,0x5b,0x36,
0x5a,0x36,0x5b,0x36,0x5b,0x36,0x5b,0x36,0x5b,0x36,0x5b,0x36,0x7b,0x3e,0x5b,0x3e,0x7b,0x3e,0x7b,0x3e,0x7b,0x3e,0x7b,0x3e,0x7b,0x3e,0x7b,0x3e,0x7b,0x3e,0x7b,0x3e,
0x7b,0x3e,0x7b,0x3e,0x7b,0x3e,0x7b,0x3e,0x7b,0x3e,0x7b,0x3e,0x7b,0x3e,0x7b,0x3e,0x7b,0x3e,0x7b,0x3e,0x7b,0x3e,0x7b,0x3e,0x7b,0x3e,0x7b,0x3e,0x7b,0x3e,0x9b,0x46,
0x9b,0x46,0x9b,0x46,0x9b,0x46,0x9b,0x46,0x9b,0x46,0x9b,0x46,0x9b,0x46,0x9b,0x46,0x9b,0x46,0x9b,0x46,0x9b,0x46,0x9b,0x46,0x9b,0x46,0x9b,0x46,0x9b,0x46,0x9b,0x46,
0x9b,0x46,0x9b,0x46,0x9b,0x46,0x9b,0x46,0x9b,0x46,0x9b,0x46,0x9b,0x46,0x9b,0x46,0x9b,0x46,0x9b,0x46,0x9b,0x46,0x9b,0x46,0x9b,0x46,0x9b,0x46,0x9b,0x46,0x9b,0x46,
0x9b,0x46,0x9b,0x46,0x9b,0x46,0x9b,0x46,0x9b,0x46,0x9b,0x46,0x9b,0x46,0x9b,0x46,0x9b,0x46,0x9b,0x46,0x9b,0x46,0x9b,0x46,0x9b,0x46,0x9b,0x46,0x9b,0x46,0x9b,0x46,
0x9b,0x46,0x9b,0x46,0x9b,0x3e,0x9b,0x3e,0x9b,0x3e,0x9b,0x3e,0x7b,0x3e,0x1d,0x87,0xff,0xff,0xff,0xff,0x1d,0x87,0x7b,0x2e,0x9b,0x3e,0x7b,0x3e,0x7b,0x3e,0x7b,0x3e,
0x7b,0x3e,0x7b,0x3e,0x7b,0x3e,0x7b,0x3e,0x7b,0x3e,0x7b,0x3e,0x7b,0x3e,0x7b,0x36,0x7b,0x36,0x7b,0x36,0x7b,0x36,0x7b,0x36,0x7b,0x36,0x7a,0x36,0x7a,0x36,0x7a,0x36,
0x7a,0x36,0x5a,0x36,0x5a,0x36,0x5a,0x36,0x7a,0x36,0x5a,0x36,0x5a,0x36,0x5a,0x36,0x5a,0x36,0x5a,0x36,0x5a,0x36,0x5a,0x36,0x5a,0x36,0x5a,0x36,0x5a,0x36,0x5a,0x36,
0x5a,0x36,0x5a,0x36,0x5a,0x36,0x5a,0x36,0x5a,0x36,0x5a,0x36,0x5a,0x36,0x5a,0x36,0x5a,0x36,0x5a,0x36,0x5a,0x36,0x5a,0x36,0x5a,0x36,0x5b,0x36,0x7b,0x36,0x5b,0x36,
0x7b,0x36,0x7b,0x3e,0x5b,0x3e,0x7b,0x3e,0x7b,0x3e,0x7b,0x3e,0x7b,0x3e,0x7b,0x3e,0x7b,0x3e,0x7b,0x3e,0x7b,0x3e,0x7b,0x3e,0x7b,0x3e,0x7b,0x3e,0x7b,0x3e,0x7b,0x3e,
0x7b,0x3e,0x7b,0x3e,0x7b,0x3e,0x7b,0x3e,0x7b,0x3e,0x7b,0x3e,0x7b,0x3e,0x9b,0x3e,0x9b,0x46,0x9b,0x46,0x9b,0x46,0x9b,0x46,0x9b,0x46,0x9b,0x46,0x9b,0x46,0x9b,0x46,
0x9b,0x46,0x9b,0x46,0x9b,0x46,0x9b,0x46,0x9b,0x46,0x9b,0x46,0x9b,0x46,0x9b,0x46,0x9b,0x46,0x9b,0x46,0x9b,0x4e,0x9b,0x4e,0x9b,0x4e,0x9b,0x4e,0x9b,0x4e,0x9b,0x4e,
0xbb,0x4e,0xbb,0x4e,0xbb,0x4e,0xbb,0x4e,0x9b,0x4e,0xbb,0x4e,0xbb,0x4e,0xbb,0x4e,0xbb,0x4e,0xbb,0x4e,0x9b,0x46,0x9b,0x4e,0x9b,0x4e,0x9b,0x46,0xbb,0x46,0x9b,0x46,
0x9b,0x46,0x9b,0x46,0x9b,0x46,0x9b,0x46,0x9b,0x46,0x9b,0x46,0x9b,0x46,0x9b,0x46,0x9b,0x46,0x9b,0x46,0x9b,0x46,0x9b,0x46,0x9b,0x46,0x9b,0x46,0x9b,0x46,0x9b,0x46,
0x9b,0x46,0x9b,0x3e,0xbc,0x5e,0x3d,0x8f,0xff,0xf7,0xff,0xff,0xff,0xff,0xfc,0x6e,0x7b,0x36,0x9b,0x46,0x9b,0x3e,0x9b,0x3e,0x7b,0x3e,0x7b,0x3e,0x7b,0x3e,0x7b,0x3e,
0x7b,0x3e,0x7b,0x3e,0x7b,0x3e,0x7b,0x3e,0x7b,0x3e,0x7b,0x3e,0x7b,0x3e,0x7b,0x3e,0x7b,0x3e,0x7a,0x36,0x7a,0x36,0x7a,0x36,0x7a,0x36,0x7a,0x36,0x5a,0x36,0x7a,0x36,
0x7a,0x36,0x5a,0x36,0x5a,0x36,0x5a,0x36,0x5a,0x36,0x5a,0x36,0x5a,0x36,0x5a,0x36,0x5a,0x36,0x5a,0x36,0x5a,0x36,0x5a,0x36,0x5a,0x36,0x5a,0x36,0x5a,0x36,0x5a,0x36,
0x5a,0x36,0x5a,0x36,0x5a,0x36,0x5a,0x36,0x5a,0x36,0x5a,0x36,0x5a,0x36,0x7a,0x36,0x7a,0x3e,0x7b,0x3e,0x7b,0x3e,0x7b,0x3e,0x7b,0x3e,0x7b,0x3e,0x7b,0x3e,0x7b,0x3e,
0x7b,0x3e,0x7b,0x3e,0x7b,0x3e,0x7b,0x3e,0x7b,0x3e,0x7b,0x3e,0x7b,0x3e,0x7b,0x3e,0x7b,0x3e,0x7b,0x3e,0x7b,0x3e,0x7b,0x3e,0x9b,0x3e,0x7b,0x3e,0x9b,0x3e,0x9b,0x3e,
0x9b,0x46,0x9b,0x46,0x9b,0x46,0x9b,0x46,0x9b,0x46,0x9b,0x46,0x9b,0x46,0x9b,0x46,0x9b,0x46,0x9b,0x46,0x9b,0x46,0x9b,0x46,0x9b,0x46,0x9b,0x46,0x9b,0x46,0x9b,0x46,
0x9b,0x46,0x9b,0x46,0x9b,0x4e,0x9b,0x4e,0xbb,0x4e,0x9b,0x4e,0xbb,0x4e,0xbb,0x4e,0xbb,0x4e,0xbb,0x4e,0xbb,0x4e,0xbb,0x4e,0xbb,0x4e,0xbb,0x4e,0xbb,0x4e,0xbb,0x4e,
0xbb,0x4e,0xbb,0x4e,0xbb,0x4e,0xbb,0x4e,0x9b,0x4e,0x9b,0x4e,0x9b,0x4e,0x9b,0x4e,0x9b,0x4e,0xbb,0x4e,0xbb,0x4e,0xbb,0x4e,0xbb,0x4e,0xbb,0x4e,0xbb,0x4e,0xbb,0x46,
0xbb,0x46,0x9b,0x46,0xbb,0x46,0xbb,0x46,0x9b,0x46,0x9b,0x46,0x9b,0x46,0x9b,0x46,0x9b,0x46,0x9b,0x46,0x9b,0x46,0x9b,0x46,0x9b,0x46,0x7b,0x36,0x1d,0x87,0x3d,0x8f,
0xdf,0xe7,0xff,0xff,0xff,0xff,0xff,0xf7,0xbb,0x56,0x7b,0x36,0x9b,0x3e,0x9b,0x3e,0x9b,0x3e,0x9b,0x3e,0x9b,0x3e,0x9b,0x3e,0x7b,0x3e,0x7b,0x3e,0x7b,0x3e,0x7b,0x3e,
0x7b,0x3e,0x7b,0x3e,0x7b,0x3e,0x7b,0x3e,0x7b,0x3e,0x7b,0x3e,0x7a,0x3e,0x7a,0x3e,0x7a,0x3e,0x7a,0x36,0x7a,0x3e,0x7a,0x36,0x7a,0x36,0x7a,0x36,0x7a,0x36,0x7a,0x36,
0x5a,0x36,0x7a,0x36,0x7a,0x36,0x7a,0x36,0x5a,0x36,0x5a,0x36,0x7a,0x36,0x7a,0x36,0x7a,0x36,0x5a,0x36,0x5a,0x36,0x5a,0x36,0x5a,0x36,0x5a,0x3e,0x7a,0x3e,0x7a,0x3e,
0x7a,0x3e,0x7a,0x3e,0x7a,0x3e,0x7a,0x3e,0x7a,0x3e,0x7a,0x3e,0x7b,0x3e,0x7b,0x3e,0x7b,0x3e,0x7b,0x3e,0x7b,0x3e,0x7b,0x3e,0x7b,0x3e,0x7b,0x3e,0x7b,0x3e,0x7b,0x3e,
0x7b,0x3e,0x7b,0x3e,0x7b,0x3e,0x7b,0x3e,0x7b,0x3e,0x9b,0x3e,0x7b,0x3e,0x9b,0x3e,0x9b,0x3e,0x9b,0x46,0x9b,0x46,0x9b,0x46,0x9b,0x46,0x9b,0x46,0x9b,0x46,0x9b,0x46,
0x9b,0x46,0x9b,0x46,0x9b,0x46,0x9b,0x46,0x9b,0x46,0x9b,0x46,0x9b,0x46,0x9b,0x46,0x9b,0x46,0x9b,0x46,0x9b,0x4e,0x9b,0x4e,0x9b,0x4e,0x9b,0x4e,0x9b,0x4e,0x9b,0x4e,
0xbb,0x4e,0xbb,0x4e,0xbb,0x4e,0xbb,0x4e,0xbb,0x4e,0xbb,0x4e,0xbb,0x4e,0xbb,0x4e,0xbb,0x4e,0xbb,0x4e,0xbb,0x4e,0xbb,0x4e,0xbb,0x4e,0xbb,0x4e,0x9b,0x4e,0xbb,0x4e,
0xdc,0x4e,0xfc,0x56,0xfc,0x56,0xdc,0x4e,0xbc,0x4e,0xbb,0x4e,0x9b,0x4e,0xbb,0x4e,0xbb,0x4e,0xbb,0x4e,0xbb,0x4e,0xbb,0x4e,0xbb,0x4e,0xbb,0x4e,0xbb,0x4e,0xbb,0x46,
0xbb,0x46,0xbb,0x46,0xbb,0x46,0xbb,0x46,0xbb,0x46,0x9b,0x46,0x9b,0x46,0x9b,0x46,0x9b,0x46,0x7b,0x36,0x9e,0xbf,0x1c,0x87,0xbf,0xdf,0xff,0xff,0xff,0xff,0xff,0xff,
0xbf,0xdf,0x9b,0x3e,0x9b,0x3e,0x9b,0x3e,0x9b,0x3e,0x9b,0x3e,0x9b,0x3e,0x9b,0x3e,0x9b,0x3e,0x9b,0x3e,0x9b,0x3e,0x9b,0x3e,0x7b,0x3e,0x7b,0x3e,0x7b,0x3e,0x7b,0x3e,
0x7b,0x3e,0x7a,0x3e,0x7a,0x3e,0x7a,0x3e,0x7a,0x3e,0x7a,0x3e,0x7a,0x3e,0x7a,0x3e,0x7a,0x3e,0x7a,0x3e,0x7a,0x3e,0x7a,0x3e,0x7a,0x3e,0x7a,0x3e,0x7a,0x3e,0x7a,0x36,
0x7a,0x36,0x7a,0x36,0x7a,0x36,0x7a,0x36,0x7a,0x36,0x7a,0x36,0x7a,0x36,0x5a,0x36,0x7a,0x3e,0x7a,0x3e,0x7a,0x3e,0x7a,0x3e,0x7a,0x3e,0x7a,0x3e,0x7a,0x3e,0x7a,0x3e,
0x7a,0x3e,0x7a,0x3e,0x7b,0x3e,0x7b,0x3e,0x7b,0x3e,0x7b,0x3e,0x7b,0x3e,0x7b,0x3e,0x7b,0x3e,0x7b,0x3e,0x7b,0x3e,0x7b,0x3e,0x7b,0x3e,0x7b,0x3e,0x9b,0x3e,0x9b,0x3e,
0x9b,0x3e,0x9b,0x3e,0x9b,0x3e,0x9b,0x46,0x9b,0x46,0x9b,0x46,0x9b,0x46,0x9b,0x46,0x9b,0x46,0x9b,0x46,0x9b,0x46,0x9b,0x46,0x9b,0x46,0x9b,0x46,0x9b,0x46,0x9b,0x46,
0x9b,0x46,0x9b,0x46,0x9b,0x46,0xbb,0x46,0xbb,0x46,0xbb,0x4e,0xbb,0x4e,0xbb,0x4e,0xbb,0x4e,0xbb,0x4e,0xbb,0x4e,0xbb,0x4e,0xbb,0x4e,0xbb,0x4e,0xbb,0x4e,0xbb,0x4e,
0xbb,0x4e,0xbb,0x4e,0xbb,0x4e,0xbb,0x4e,0xbb,0x4e,0xbb,0x4e,0xbb,0x4e,0xbb,0x4e,0xbb,0x4e,0xfc,0x56,0xfc,0x56,0x9b,0x4e,0x1b,0x46,0xba,0x3d,0xba,0x3d,0xfa,0x45,
0x7b,0x4e,0xfc,0x56,0xfc,0x56,0xbb,0x4e,0xbb,0x4e,0xbb,0x4e,0xbb,0x4e,0xbb,0x4e,0xbb,0x4e,0xbb,0x4e,0xbb,0x4e,0xbb,0x4e,0xbb,0x4e,0xbb,0x4e,0xbb,0x4e,0xbb,0x4e,
0xbb,0x46,0xbb,0x46,0xbb,0x46,0xbb,0x46,0x9b,0x46,0x9b,0x46,0xdf,0xef,0xfc,0x76,0xbe,0xd7,0xff,0xff,0xff,0xff,0xff,0xff,0xff,0xff,0x7e,0xb7,0x7b,0x36,0x9b,0x46,
0x9b,0x3e,0x9b,0x3e,0x9b,0x3e,0x9b,0x3e,0x9b,0x3e,0x9b,0x3e,0x9b,0x3e,0x9b,0x3e,0x9b,0x3e,0x9b,0x3e,0x9b,0x3e,0x9b,0x3e,0x7b,0x3e,0x7a,0x3e,0x7a,0x3e,0x7b,0x3e,
0x7a,0x3e,0x7a,0x3e,0x7a,0x3e,0x7a,0x3e,0x7a,0x3e,0x7a,0x3e,0x7a,0x3e,0x7a,0x3e,0x7a,0x3e,0x7a,0x3e,0x7a,0x3e,0x7a,0x3e,0x7a,0x3e,0x7a,0x3e,0x7a,0x36,0x7a,0x36,
0x7a,0x3e,0x7a,0x3e,0x7a,0x36,0x7a,0x36,0x7a,0x3e,0x7a,0x3e,0x7a,0x3e,0x7a,0x3e,0x7a,0x3e,0x7a,0x3e,0x7a,0x3e,0x7a,0x3e,0x7a,0x3e,0x7a,0x3e,0x7b,0x3e,0x7b,0x3e,
0x7b,0x3e,0x7b,0x3e,0x7b,0x3e,0x7b,0x3e,0x7b,0x3e,0x9b,0x3e,0x9b,0x3e,0x9b,0x3e,0x9b,0x3e,0x9b,0x3e,0x9b,0x3e,0x9b,0x3e,0x9b,0x46,0x9b,0x46,0x9b,0x46,0x9b,0x46,
0x9b,0x46,0x9b,0x46,0x9b,0x46,0x9b,0x46,0x9b,0x46,0x9b,0x46,0x9b,0x46,0x9b,0x46,0x9b,0x46,0x9b,0x46,0x9b,0x46,0xbb,0x46,0xbb,0x46,0xbb,0x46,0xbb,0x4e,0xbb,0x4e,
0xbb,0x4e,0xbb,0x4e,0xbb,0x4e,0xbb,0x4e,0xbb,0x4e,0xbb,0x4e,0xbb,0x4e,0xbb,0x4e,0xbb,0x4e,0xbb,0x4e,0xbb,0x4e,0xbb,0x56,0xbb,0x56,0xbb,0x4e,0xbb,0x4e,0xbb,0x4e,
0xbb,0x4e,0xbb,0x4e,0xbb,0x4e,0xdc,0x56,0xfc,0x56,0xda,0x45,0x38,0x24,0x77,0x0b,0x36,0x03,0x16,0x03,0x16,0x03,0x16,0x03,0x16,0x03,0xd7,0x13,0x59,0x3d,0xdc,0x56,
0xfc,0x56,0xbb,0x4e,0xbb,0x4e,0xbb,0x4e,0xbb,0x4e,0xbb,0x4e,0xbb,0x4e,0xbb,0x4e,0xbb,0x4e,0xbb,0x4e,0xbb,0x4e,0xbb,0x4e,0xbb,0x46,0xbb,0x46,0xbb,0x46,0xbb,0x46,
0x9b,0x3e,0xfc,0x66,0xff,0xff,0xfc,0x6e,0x9e,0xc7,0xff,0xff,0xff,0xff,0xff,0xff,0xff,0xff,0xff,0xff,0xfc,0x7e,0x7b,0x36,0x9b,0x46,0x9b,0x3e,0x9b,0x3e,0x9b,0x3e,
0x9b,0x3e,0x9b,0x3e,0x9b,0x3e,0x9b,0x3e,0x9b,0x3e,0x9b,0x3e,0x9b,0x3e,0x9b,0x3e,0x9b,0x3e,0x7b,0x3e,0x7a,0x3e,0x7b,0x3e,0x7a,0x3e,0x7a,0x3e,0x7a,0x3e,0x7a,0x3e,
0x7a,0x3e,0x7a,0x3e,0x7a,0x3e,0x7a,0x3e,0x7a,0x3e,0x7a,0x3e,0x7a,0x3e,0x7a,0x3e,0x7a,0x3e,0x7a,0x3e,0x7a,0x3e,0x7a,0x3e,0x7a,0x3e,0x7a,0x3e,0x7a,0x3e,0x7a,0x3e,
0x7a,0x3e,0x7a,0x3e,0x7a,0x3e,0x7a,0x3e,0x7a,0x3e,0x7a,0x3e,0x7a,0x3e,0x7a,0x3e,0x7a,0x3e,0x7a,0x3e,0x7b,0x3e,0x7b,0x3e,0x7b,0x3e,0x7b,0x3e,0x9b,0x3e,0x9b,0x3e,
0x9b,0x3e,0x9b,0x3e,0x9b,0x3e,0x9b,0x3e,0x9b,0x3e,0x9b,0x46,0x9b,0x46,0x9b,0x46,0x9b,0x46,0x9b,0x46,0x9b,0x46,0x9b,0x46,0x9b,0x46,0x9b,0x46,0x9b,0x46,0x9b,0x46,
0x9b,0x46,0x9b,0x46,0x9b,0x46,0xbb,0x46,0xbb,0x46,0xbb,0x46,0xbb,0x4e,0xbb,0x4e,0xbb,0x4e,0xbb,0x4e,0xbb,0x4e,0xbb,0x4e,0xbb,0x4e,0xbb,0x4e,0xbb,0x4e,0xbb,0x4e,
0xbb,0x4e,0xbb,0x4e,0xbb,0x4e,0xbb,0x56,0xdb,0x56,0xdb,0x56,0xbc,0x4e,0x7c,0x3e,0x7c,0x36,0x9c,0x3e,0xbc,0x4e,0xbc,0x56,0xbb,0x56,0xbb,0x4e,0xfc,0x56,0x7b,0x4e,
0xf7,0x1b,0xd5,0x02,0x16,0x03,0x77,0x03,0x59,0x24,0x1a,0x55,0x5b,0x65,0x9b,0x75,0x1a,0x65,0xd7,0x33,0x94,0x02,0x76,0x13,0x3b,0x4e,0x1c,0x57,0xbb,0x4e,0xdc,0x4e,
0xbb,0x4e,0xdb,0x4e,0xdc,0x4e,0xdb,0x4e,0xbb,0x4e,0xbb,0x4e,0xbb,0x4e,0xbb,0x4e,0xbb,0x4e,0xbb,0x4e,0xbb,0x4e,0xbb,0x4e,0x9b,0x3e,0x5d,0x9f,0xff,0xff,0xfc,0x6e,
0x9e,0xbf,0xff,0xff,0xff,0xff,0xff,0xff,0xff,0xff,0xff,0xff,0xdf,0xef,0xbb,0x46,0x9b,0x3e,0x9b,0x46,0x9b,0x3e,0x9b,0x3e,0x9b,0x3e,0x9b,0x3e,0x9b,0x3e,0x9b,0x3e,
0x9b,0x3e,0x9b,0x3e,0x9b,0x3e,0x9b,0x3e,0x9b,0x3e,0x9b,0x3e,0x9b,0x3e,0x7a,0x3e,0x7a,0x3e,0x9a,0x3e,0x9a,0x3e,0x7a,0x3e,0x7a,0x3e,0x7a,0x3e,0x7a,0x3e,0x7a,0x3e,
0x7a,0x3e,0x7a,0x3e,0x7a,0x3e,0x7a,0x3e,0x7a,0x3e,0x7a,0x3e,0x7a,0x3e,0x7a,0x3e,0x7a,0x3e,0x7a,0x3e,0x7a,0x3e,0x7a,0x3e,0x7a,0x3e,0x7a,0x3e,0x7a,0x3e,0x7a,0x3e,
0x7a,0x3e,0x7b,0x3e,0x7a,0x3e,0x7a,0x3e,0x7a,0x3e,0x9b,0x3e,0x9a,0x3e,0x9b,0x3e,0x9b,0x3e,0x9b,0x3e,0x9b,0x3e,0x9b,0x3e,0x9b,0x3e,0x9b,0x3e,0x9b,0x46,0x9b,0x46,
0x9b,0x46,0x9b,0x46,0x9b,0x46,0x9b,0x46,0x9b,0x46,0x9b,0x46,0x9b,0x46,0x9b,0x46,0x9b,0x46,0x9b,0x46,0xbb,0x46,0x9b,0x46,0xbb,0x46,0xbb,0x46,0xbb,0x46,0xbb,0x46,
0xbb,0x4e,0xbb,0x4e,0xbb,0x4e,0xbb,0x4e,0xbb,0x4e,0xbb,0x4e,0xbb,0x4e,0xbb,0x4e,0xbb,0x4e,0xbb,0x4e,0xbb,0x4e,0xbb,0x4e,0xbb,0x4e,0xdb,0x56,0xdb,0x56,0x9c,0x46,
0x5c,0x2e,0xfd,0x15,0xfd,0x15,0x5c,0x2e,0x9c,0x46,0xbc,0x56,0xdc,0x56,0xdc,0x56,0xbb,0x56,0x1c,0x57,0x1a,0x46,0xf4,0x0a,0x94,0x02,0x77,0x03,0xd8,0x03,0xb8,0x03,
0xf8,0x13,0x18,0x24,0x38,0x2c,0xba,0x4c,0xbc,0x85,0xbd,0xb6,0x1c,0x9e,0x35,0x1b,0x73,0x02,0x79,0x45,0x1c,0x57,0xbb,0x4e,0xdc,0x56,0xdb,0x4e,0xdb,0x4e,0xdc,0x4e,
0xdb,0x4e,0xbb,0x4e,0xbb,0x4e,0xbb,0x4e,0xbb,0x4e,0xbb,0x4e,0xbb,0x4e,0xbb,0x4e,0xbb,0x46,0xbf,0xdf,0xff,0xff,0xfc,0x6e,0x7e,0xb7,0xff,0xff,0xff,0xff,0xff,0xff,
0xff,0xff,0xff,0xff,0xff,0xff,0x5d,0xa7,0x9b,0x36,0xbb,0x46,0xbb,0x46,0x9b,0x46,0x9b,0x3e,0x9b,0x3e,0x9b,0x3e,0x9b,0x3e,0x9b,0x3e,0x9b,0x3e,0x9b,0x3e,0x9b,0x3e,
0x9b,0x3e,0x9b,0x3e,0x9a,0x3e,0x9b,0x3e,0x9a,0x3e,0x9a,0x3e,0x9a,0x3e,0x9a,0x3e,0x7a,0x3e,0x7a,0x3e,0x7a,0x3e,0x7a,0x3e,0x7a,0x3e,0x7a,0x3e,0x7a,0x3e,0x7a,0x3e,
0x7a,0x3e,0x7a,0x3e,0x7a,0x3e,0x7a,0x3e,0x7a,0x3e,0x7a,0x3e,0x7a,0x3e,0x7a,0x3e,0x7a,0x3e,0x7a,0x3e,0x7a,0x3e,0x7a,0x3e,0x7a,0x3e,0x7a,0x3e,0x7a,0x3e,0x7a,0x3e,
0x9b,0x3e,0x9b,0x3e,0x9b,0x3e,0x9b,0x3e,0x9b,0x3e,0x9b,0x3e,0x9b,0x3e,0x9b,0x46,0x9b,0x3e,0x9b,0x46,0x9b,0x46,0x9b,0x46,0x9b,0x46,0x9b,0x46,0x9b,0x46,0x9b,0x46,
0x9b,0x46,0x9b,0x46,0x9b,0x46,0xbb,0x46,0xbb,0x46,0xbb,0x46,0xbb,0x46,0xbb,0x46,0xbb,0x46,0xbb,0x46,0xbb,0x46,0xbb,0x4e,0xbb,0x4e,0xbb,0x4e,0xbb,0x4e,0xbb,0x4e,
0xbb,0x4e,0xbb,0x4e,0xbb,0x4e,0xbb,0x4e,0xbb,0x4e,0xbb,0x4e,0xbb,0x4e,0xdb,0x56,0xbb,0x4e,0x5c,0x36,0xfd,0x15,0xbd,0x05,0xfd,0x15,0x7c,0x36,0xbc,0x56,0xdb,0x5e,
0xdb,0x56,0xdc,0x56,0xdc,0x56,0xbb,0x56,0xfc,0x56,0x3a,0x4e,0x93,0x02,0x93,0x02,0x77,0x03,0x77,0x03,0x36,0x03,0x36,0x03,0x57,0x03,0x57,0x03,0x37,0x03,0x37,0x03,
0x57,0x03,0xd8,0x23,0xdc,0x8d,0xdd,0xbe,0x96,0x33,0x12,0x02,0x79,0x45,0x1c,0x57,0xbb,0x56,0xdc,0x56,0xdc,0x56,0xdc,0x4e,0xdb,0x4e,0xdc,0x4e,0xdb,0x4e,0xdb,0x4e,
0xbb,0x4e,0xbb,0x4e,0xdb,0x4e,0xbb,0x46,0xfc,0x76,0xff,0xff,0xff,0xff,0xfc,0x66,0x7e,0xaf,0xff,0xff,0xff,0xff,0xff,0xff,0xff,0xff,0xff,0xff,0xff,0xff,0xff,0xf7,
0xdb,0x56,0x9b,0x3e,0xbb,0x46,0xbb,0x46,0xbb,0x46,0x9b,0x46,0xbb,0x46,0x9b,0x3e,0x9b,0x3e,0x9b,0x3e,0x9b,0x3e,0x9b,0x3e,0x9b,0x3e,0x9b,0x3e,0x9b,0x3e,0x9b,0x3e,
0x9a,0x3e,0x9a,0x3e,0x9a,0x3e,0x9a,0x3e,0x9a,0x3e,0x9a,0x3e,0x7a,0x3e,0x9a,0x3e,0x7a,0x3e,0x7a,0x3e,0x7a,0x3e,0x7a,0x3e,0x7a,0x3e,0x7a,0x3e,0x7a,0x3e,0x7a,0x3e,
0x7a,0x3e,0x7a,0x3e,0x7a,0x3e,0x7a,0x3e,0x7a,0x3e,0x7a,0x3e,0x7a,0x3e,0x7a,0x3e,0x9a,0x3e,0x9a,0x3e,0x9a,0x3e,0x9a,0x3e,0x9a,0x3e,0x9b,0x3e,0x9b,0x3e,0x9b,0x3e,
0x9b,0x3e,0x9b,0x46,0x9b,0x46,0x9b,0x46,0x9b,0x46,0x9b,0x46,0x9b,0x46,0x9b,0x46,0x9b,0x46,0x9b,0x46,0x9b,0x46,0x9b,0x46,0x9b,0x46,0xbb,0x46,0xbb,0x46,0xbb,0x46,
0xbb,0x46,0xbb,0x46,0xbb,0x46,0xbb,0x46,0xbb,0x4e,0xbb,0x4e,0xbb,0x4e,0xbb,0x4e,0xbb,0x4e,0xbb,0x4e,0xbb,0x4e,0xbb,0x4e,0xbb,0x4e,0xbb,0x4e,0xbb,0x4e,0xbb,0x4e,
0xbb,0x4e,0xdb,0x56,0xbb,0x4e,0x5c,0x2e,0xdd,0x0d,0xbd,0x05,0xfd,0x15,0x9c,0x3e,0xdb,0x56,0xdb,0x5e,0xdc,0x56,0xdc,0x56,0xdc,0x56,0xdc,0x56,0xdc,0x56,0xdc,0x56,
0xbb,0x56,0xd3,0x0a,0x11,0x02,0x15,0x03,0x16,0x03,0xd5,0x02,0x16,0x03,0xf5,0x02,0x31,0x02,0xef,0x01,0xef,0x01,0x51,0x02,0xf4,0x02,0x36,0x03,0xd5,0x02,0xd9,0x54,
0x3d,0x96,0xf4,0x12,0x32,0x02,0x3a,0x56,0xfc,0x56,0xdc,0x56,0xdc,0x56,0xdb,0x56,0xdc,0x56,0xdc,0x56,0xdb,0x4e,0xdb,0x4e,0xdb,0x4e,0xdb,0x4e,0xdb,0x4e,0xbb,0x3e,
0x7e,0xb7,0xff,0xff,0xff,0xff,0xfc,0x66,0x7e,0xaf,0xff,0xff,0xff,0xff,0xff,0xff,0xff,0xff,0xff,0xff,0xff,0xff,0xff,0xff,0x5d,0xa7,0x9b,0x36,0xbb,0x46,0xbb,0x46,
0xbb,0x46,0xbb,0x46,0xbb,0x46,0x9b,0x46,0x9b,0x46,0x9b,0x46,0x9b,0x46,0x9b,0x3e,0x9b,0x3e,0x9b,0x3e,0x9b,0x3e,0x9a,0x3e,0x9b,0x3e,0x9a,0x3e,0x9a,0x3e,0x9a,0x3e,
0x9a,0x3e,0x9a,0x3e,0x9a,0x3e,0x9a,0x3e,0x9a,0x3e,0x9a,0x3e,0x9a,0x3e,0x7a,0x3e,0x9a,0x3e,0x9a,0x3e,0x9a,0x3e,0x7a,0x3e,0x7a,0x3e,0x7a,0x3e,0x7a,0x3e,0x7a,0x3e,
0x9a,0x3e,0x9a,0x3e,0x7a,0x3e,0x7a,0x3e,0x9a,0x3e,0x9a,0x3e,0x9a,0x3e,0x9a,0x3e,0x9b,0x46,0x9a,0x3e,0x9b,0x3e,0x9b,0x46,0x9b,0x46,0x9b,0x46,0x9b,0x46,0x9b,0x46,
0x9b,0x46,0x9b,0x46,0x9b,0x46,0x9b,0x46,0x9b,0x46,0x9b,0x46,0xbb,0x46,0xbb,0x46,0xbb,0x46,0xbb,0x46,0xbb,0x46,0xbb,0x46,0xbb,0x46,0xbb,0x4e,0xbb,0x4e,0xbb,0x4e,
0xbb,0x4e,0xbb,0x4e,0xbb,0x4e,0xbb,0x4e,0xbb,0x4e,0xbb,0x4e,0xbb,0x4e,0xbb,0x4e,0xbb,0x4e,0xbb,0x4e,0xbb,0x4e,0xdb,0x56,0xdb,0x56,0x5c,0x36,0xdd,0x0d,0x9d,0x05,
0xdd,0x0d,0x7c,0x3e,0xdb,0x56,0xdb,0x5e,0xdc,0x56,0xdc,0x56,0xdc,0x56,0xdc,0x56,0xdc,0x56,0xdc,0x56,0xbb,0x56,0x3c,0x5f,0x76,0x2c,0xb0,0x01,0xb3,0x02,0xf5,0x02,
0xb3,0x02,0xd4,0x02,0x31,0x02,0xea,0x00,0x48,0x00,0x47,0x00,0x47,0x00,0x48,0x00,0xea,0x00,0xef,0x01,0xf5,0x02,0x93,0x02,0x78,0x44,0xd9,0x4c,0xf1,0x01,0xd5,0x23,
0x3c,0x5f,0xdc,0x56,0xdc,0x56,0xdc,0x56,0xdc,0x56,0xdc,0x56,0xdc,0x56,0xdb,0x4e,0xdb,0x4e,0xdb,0x4e,0xdb,0x4e,0xdc,0x56,0xff,0xf7,0xff,0xff,0xff,0xff,0xfc,0x5e,
0x7e,0xaf,0xff,0xff,0xff,0xff,0xff,0xff,0xff,0xff,0xff,0xff,0xff,0xff,0xff,0xff,0xdf,0xef,0xbb,0x4e,0xbb,0x46,0xbb,0x46,0xbb,0x46,0xbb,0x46,0xbb,0x46,0xbb,0x46,
0xbb,0x46,0x9b,0x46,0x9b,0x46,0x9b,0x46,0x9b,0x46,0x9b,0x46,0x9b,0x46,0x9b,0x3e,0x9a,0x3e,0x9b,0x3e,0x9a,0x3e,0x9a,0x3e,0x9a,0x3e,0x9a,0x3e,0x9a,0x3e,0x9a,0x3e,
0x9a,0x3e,0x9a,0x3e,0x9a,0x3e,0x9a,0x3e,0x9a,0x3e,0x9a,0x3e,0x9a,0x3e,0x9a,0x3e,0x7a,0x3e,0x7a,0x3e,0x9a,0x3e,0x7a,0x3e,0x9a,0x3e,0x9a,0x3e,0x9a,0x3e,0x9a,0x3e,
0x9a,0x3e,0x9a,0x46,0x9a,0x3e,0x9b,0x46,0x9b,0x46,0x9b,0x46,0x9b,0x46,0x9b,0x46,0x9b,0x46,0x9b,0x46,0x9b,0x46,0x9b,0x46,0x9b,0x46,0x9b,0x46,0xbb,0x46,0x9b,0x46,
0xbb,0x46,0xbb,0x46,0xbb,0x46,0xbb,0x46,0xbb,0x46,0xbb,0x46,0xbb,0x46,0xbb,0x4e,0xbb,0x4e,0xbb,0x4e,0xbb,0x4e,0xbb,0x4e,0xbb,0x4e,0xbb,0x4e,0xbb,0x4e,0xbb,0x4e,
0xbb,0x4e,0xbb,0x4e,0xbb,0x4e,0xdb,0x4e,0xbb,0x4e,0xdb,0x56,0xdb,0x56,0x9c,0x3e,0x1d,0x16,0xbd,0x05,0xdd,0x05,0x5c,0x2e,0xdc,0x56,0xdb,0x5e,0xdc,0x56,0xdc,0x56,
0xdc,0x56,0xdc,0x56,0xdc,0x56,0xdc,0x56,0xdc,0x56,0xdc,0x56,0xfc,0x5e,0xdb,0x5e,0x91,0x0a,0x11,0x02,0xb3,0x02,0x93,0x02,0x93,0x02,0x10,0x02,0xa9,0x00,0x88,0x00,
0x6e,0x1a,0x34,0x34,0x54,0x34,0xf0,0x1a,0xc9,0x00,0x68,0x00,0xce,0x01,0xd4,0x02,0x93,0x02,0x79,0x2c,0xd4,0x0a,0x51,0x02,0x7b,0x56,0xfc,0x56,0xdc,0x56,0xdc,0x56,
0xdc,0x56,0xdc,0x56,0xdc,0x56,0xdc,0x56,0xdb,0x56,0xdc,0x56,0xbb,0x46,0x5d,0x97,0xff,0xff,0xff,0xff,0xff,0xff,0xdc,0x5e,0x7e,0xaf,0xff,0xff,0xff,0xff,0xff,0xff,
0xff,0xff,0xff,0xff,0xff,0xff,0xff,0xff,0xff,0xff,0x3c,0x87,0x9b,0x3e,0xbb,0x46,0xbb,0x46,0xbb,0x46,0xbb,0x46,0xbb,0x46,0xbb,0x46,0xbb,0x46,0xbb,0x46,0xbb,0x46,
0xbb,0x46,0x9b,0x46,0x9b,0x46,0x9a,0x46,0x9b,0x46,0x9a,0x46,0x9a,0x3e,0x9a,0x3e,0x9a,0x3e,0x9a,0x3e,0x9a,0x3e,0x9a,0x3e,0x9a,0x3e,0x9a,0x3e,0x9a,0x3e,0x9a,0x3e,
0x9a,0x3e,0x9a,0x3e,0x9a,0x3e,0x9a,0x3e,0x9a,0x3e,0x9a,0x3e,0x9a,0x3e,0x9a,0x3e,0x9a,0x3e,0x9a,0x46,0x9a,0x46,0x9a,0x46,0x9a,0x46,0x9a,0x46,0x9a,0x46,0x9a,0x46,
0x9a,0x46,0x9b,0x46,0x9b,0x46,0x9b,0x46,0x9b,0x46,0x9b,0x46,0x9b,0x46,0x9b,0x46,0x9b,0x46,0xbb,0x46,0xbb,0x46,0xbb,0x46,0xbb,0x46,0xbb,0x46,0xbb,0x46,0xbb,0x46,
0xbb,0x46,0xbb,0x46,0xbb,0x4e,0xbb,0x4e,0xbb,0x4e,0xbb,0x4e,0xbb,0x4e,0xbb,0x4e,0xbb,0x4e,0xbb,0x4e,0xbb,0x4e,0xbb,0x4e,0xbb,0x4e,0xdb,0x4e,0xdb,0x4e,0xbb,0x4e,
0xdb,0x56,0xbc,0x4e,0x3c,0x26,0xdd,0x05,0xbd,0x05,0xfd,0x0d,0x9c,0x46,0xfb,0x5e,0xdc,0x56,0xdc,0x56,0xdc,0x56,0xdc,0x56,0xdc,0x56,0xdc,0x56,0xdc,0x5e,0xdc,0x5e,
0xdc,0x5e,0xdc,0x5e,0x3c,0x5f,0xb9,0x45,0x8e,0x01,0x31,0x02,0x52,0x02,0x52,0x02,0x52,0x02,0x0b,0x01,0xa9,0x00,0x95,0x3c,0x5d,0x67,0x5d,0x67,0x5d,0x5f,0x5d,0x5f,
0x98,0x45,0x6b,0x09,0x89,0x00,0x72,0x02,0x93,0x02,0x35,0x03,0x55,0x03,0xaf,0x01,0x38,0x3d,0x3d,0x5f,0xdb,0x56,0xdc,0x56,0xdc,0x56,0xdc,0x56,0xdc,0x56,0xdb,0x56,
0xdb,0x56,0xdc,0x56,0xdb,0x4e,0xdf,0xdf,0xff,0xff,0xff,0xff,0xff,0xff,0xdb,0x56,0x7e,0xb7,0xff,0xff,0xff,0xff,0xff,0xff,0xff,0xff,0xff,0xff,0xff,0xff,0xff,0xff,
0xff,0xff,0x9e,0xc7,0xbb,0x3e,0xbb,0x46,0xbb,0x46,0xbb,0x46,0xbb,0x46,0xbb,0x46,0xbb,0x46,0xbb,0x46,0xbb,0x46,0xbb,0x46,0xbb,0x46,0xbb,0x46,0xbb,0x46,0x9a,0x46,
0x9b,0x46,0x9a,0x46,0x9a,0x46,0x9a,0x46,0x9a,0x46,0x9a,0x46,0x9a,0x46,0x9a,0x3e,0x9a,0x3e,0x9a,0x3e,0x9a,0x3e,0x9a,0x3e,0x9a,0x3e,0x9a,0x3e,0x9a,0x3e,0x9a,0x3e,
0x9a,0x3e,0x9a,0x3e,0x9a,0x3e,0x9a,0x3e,0x9a,0x46,0x9a,0x46,0x9a,0x46,0x9a,0x46,0x9b,0x46,0x9a,0x46,0x9b,0x46,0x9b,0x46,0x9a,0x46,0x9b,0x46,0x9b,0x46,0x9b,0x46,
0x9b,0x46,0xbb,0x46,0x9b,0x46,0x9b,0x46,0xbb,0x46,0xbb,0x46,0xbb,0x46,0xbb,0x46,0xbb,0x46,0xbb,0x46,0xbb,0x46,0xbb,0x46,0xbb,0x4e,0xbb,0x4e,0xbb,0x4e,0xbb,0x4e,
0xbb,0x4e,0xbb,0x4e,0xbb,0x4e,0xbb,0x4e,0xdb,0x4e,0xdb,0x4e,0xbb,0x4e,0xdb,0x4e,0xdb,0x4e,0xdb,0x4e,0xbb,0x4e,0xdb,0x56,0x9c,0x3e,0xfd,0x0d,0xdd,0x05,0xdd,0x05,
0x3d,0x1e,0xdc,0x56,0xdb,0x5e,0xdc,0x56,0xdc,0x56,0xdc,0x56,0xdc,0x56,0xdc,0x56,0xdc,0x5e,0xdc,0x5e,0xdc,0x5e,0xdc,0x5e,0xdc,0x5e,0xdb,0x5e,0x5d,0x67,0x95,0x34,
0x2c,0x01,0xf0,0x01,0x31,0x02,0x52,0x02,0x10,0x02,0x68,0x00,0xf3,0x33,0xbe,0x6f,0xdc,0x5e,0xdc,0x5e,0xdc,0x5e,0xbb,0x56,0x5d,0x5f,0xb9,0x45,0xa9,0x00,0xae,0x01,
0xb4,0x02,0xb3,0x02,0x15,0x03,0xaf,0x01,0x15,0x2c,0x5d,0x5f,0xdb,0x56,0xdc,0x56,0xdc,0x56,0xdc,0x56,0xdc,0x56,0xdc,0x56,0xdc,0x56,0xdb,0x4e,0x3d,0x87,0xff,0xff,
0xff,0xff,0xff,0xff,0xff,0xf7,0xdb,0x4e,0x9e,0xbf,0xff,0xff,0xff,0xff,0xff,0xff,0xff,0xff,0xff,0xff,0xff,0xff,0xff,0xff,0xff,0xff,0xff,0xef,0xdb,0x4e,0xbb,0x46,
0xbb,0x46,0xbb,0x46,0xbb,0x46,0xbb,0x46,0xbb,0x46,0xbb,0x46,0xbb,0x46,0xbb,0x46,0xbb,0x46,0xbb,0x46,0xbb,0x46,0xbb,0x46,0xbb,0x46,0xbb,0x46,0xbb,0x46,0xba,0x46,
0x9a,0x46,0x9a,0x46,0x9a,0x46,0x9a,0x46,0x9a,0x46,0x9a,0x46,0x9a,0x46,0x9a,0x3e,0x9a,0x46,0x9a,0x3e,0x9a,0x3e,0x9a,0x46,0x9a,0x3e,0x9a,0x3e,0x9a,0x3e,0x9a,0x46,
0x9a,0x46,0x9a,0x46,0x9a,0x46,0x9a,0x46,0x9a,0x46,0x9a,0x46,0x9a,0x46,0x9a,0x46,0x9b,0x46,0x9b,0x46,0x9b,0x46,0x9b,0x46,0xbb,0x46,0xbb,0x46,0xbb,0x46,0xbb,0x46,
0xbb,0x46,0xbb,0x46,0xbb,0x46,0xbb,0x46,0xbb,0x46,0xbb,0x46,0xbb,0x4e,0xbb,0x4e,0xbb,0x4e,0xbb,0x4e,0xbb,0x4e,0xbb,0x4e,0xbb,0x4e,0xdb,0x4e,0xdb,0x4e,0xbb,0x4e,
0xbb,0x4e,0xdb,0x4e,0xdb,0x4e,0xdb,0x4e,0xdb,0x4e,0xdb,0x56,0xdb,0x56,0x5c,0x2e,0xdd,0x05,0xdd,0x05,0xdd,0x05,0x3d,0x26,0xdb,0x5e,0xdb,0x56,0xdc,0x56,0xdc,0x56,
0xdc,0x56,0xdc,0x5e,0xfc,0x5e,0xfc,0x5e,0xfc,0x5e,0xdc,0x5e,0xfc,0x5e,0xfc,0x5e,0xfc,0x5e,0xdb,0x5e,0x5d,0x67,0x93,0x23,0xeb,0x00,0xae,0x01,0xaf,0x01,0x11,0x02,
0x11,0x02,0x2b,0x01,0x9b,0x5e,0x1c,0x67,0xfc,0x66,0xfc,0x5e,0xfc,0x5e,0xfc,0x5e,0xbb,0x56,0x1d,0x57,0x2d,0x12,0x6d,0x01,0xb3,0x02,0x93,0x02,0xd4,0x02,0xaf,0x01,
0x53,0x23,0x3d,0x67,0xdc,0x56,0xfc,0x56,0xfc,0x56,0xfc,0x56,0xfc,0x56,0xdc,0x56,0xdc,0x56,0xdb,0x4e,0xbe,0xd7,0xff,0xff,0xff,0xff,0xff,0xff,0xdf,0xe7,0xdb,0x46,
0x9e,0xc7,0xff,0xff,0xff,0xff,0xff,0xff,0xff,0xff,0xff,0xff,0xff,0xff,0xff,0xff,0xff,0xff,0xff,0xff,0x1c,0x77,0xbb,0x3e,0xdb,0x4e,0xbb,0x46,0xbb,0x46,0xbb,0x46,
0xbb,0x46,0xbb,0x46,0xbb,0x46,0xbb,0x46,0xbb,0x46,0xbb,0x46,0xbb,0x46,0xbb,0x46,0xbb,0x46,0xbb,0x46,0xbb,0x46,0xba,0x46,0xba,0x46,0x9a,0x46,0x9a,0x46,0x9a,0x46,
0x9a,0x46,0x9a,0x46,0x9a,0x46,0x9a,0x46,0x9a,0x46,0x9a,0x46,0x9a,0x3e,0x9a,0x46,0x9a,0x3e,0x9a,0x46,0x9a,0x3e,0x9a,0x3e,0x9a,0x46,0x9a,0x46,0x9a,0x46,0x9a,0x46,
0x9a,0x46,0x9a,0x46,0x9b,0x46,0x9a,0x46,0x9b,0x46,0x9b,0x46,0xbb,0x46,0xbb,0x46,0xbb,0x46,0xbb,0x46,0xbb,0x46,0xbb,0x46,0xbb,0x46,0xbb,0x46,0xbb,0x46,0xbb,0x46,
0xbb,0x4e,0xbb,0x4e,0xbb,0x4e,0xbb,0x4e,0xbb,0x4e,0xbb,0x4e,0xbb,0x4e,0xdb,0x4e,0xdb,0x4e,0xdb,0x4e,0xbb,0x4e,0xdb,0x4e,0xdb,0x4e,0xdb,0x4e,0xdb,0x4e,0xdb,0x4e,
0xdb,0x56,0xdb,0x56,0x3d,0x1e,0xdd,0x05,0xfd,0x05,0xdd,0x05,0x5d,0x26,0xfb,0x5e,0xdc,0x56,0xdc,0x56,0xdc,0x5e,0xdc,0x5e,0xfc,0x5e,0xfc,0x5e,0xfc,0x5e,0xfc,0x5e,
0xfc,0x5e,0xfc,0x5e,0xfc,0x5e,0xfc,0x5e,0xfc,0x5e,0xdc,0x5e,0x5d,0x67,0x11,0x1b,0xcb,0x00,0x8e,0x01,0x8e,0x01,0xf0,0x01,0x32,0x02,0x70,0x12,0xfc,0x66,0x1c,0x67,
0x1c,0x67,0x1c,0x67,0xfc,0x5e,0xfc,0x5e,0xdc,0x56,0x1d,0x57,0xf0,0x1a,0xaf,0x01,0x93,0x02,0x72,0x02,0x93,0x02,0x8e,0x01,0x12,0x1b,0x3c,0x67,0xdc,0x5e,0xfc,0x5e,
0xfc,0x56,0xfc,0x56,0xfc,0x56,0xfc,0x5e,0xdb,0x4e,0x3d,0x87,0xff,0xff,0xff,0xff,0xff,0xff,0xff,0xff,0xbf,0xdf,0xdb,0x46,0xbe,0xd7,0xff,0xff,0xff,0xff,0xff,0xff,
0xff,0xff,0xff,0xff,0xff,0xff,0xff,0xff,0xff,0xff,0xff,0xff,0x5d,0x97,0xbb,0x3e,0xdb,0x4e,0xdb,0x4e,0xbb,0x46,0xbb,0x46,0xbb,0x46,0xbb,0x46,0xbb,0x46,0xbb,0x46,
0xbb,0x46,0xbb,0x46,0xbb,0x46,0xbb,0x46,0xbb,0x46,0xbb,0x46,0xba,0x46,0xba,0x46,0xba,0x46,0xba,0x46,0x9a,0x46,0x9a,0x46,0x9a,0x46,0x9a,0x46,0x9a,0x46,0x9a,0x46,
0x9a,0x46,0x9a,0x46,0x9a,0x46,0x9a,0x46,0x9a,0x46,0x9a,0x46,0x9a,0x46,0x9a,0x46,0x9a,0x46,0x9a,0x46,0x9a,0x46,0x9a,0x46,0x9a,0x46,0x9a,0x46,0xba,0x46,0xba,0x46,
0xbb,0x46,0xbb,0x46,0xbb,0x46,0xbb,0x46,0xbb,0x46,0xbb,0x46,0xbb,0x46,0xbb,0x46,0xbb,0x46,0xbb,0x4e,0xbb,0x46,0xbb,0x4e,0xbb,0x4e,0xbb,0x4e,0xdb,0x4e,0xdb,0x4e,
0xdb,0x4e,0xdb,0x4e,0xdb,0x4e,0xdb,0x4e,0xdb,0x4e,0xdb,0x4e,0xdb,0x4e,0xdb,0x4e,0xdb,0x4e,0xdb,0x56,0xdb,0x4e,0xdb,0x56,0xdb,0x56,0x1d,0x16,0xdd,0x05,0xfd,0x05,
0xdd,0x05,0x5d,0x26,0xfb,0x5e,0xdc,0x56,0xdc,0x56,0xfc,0x5e,0xfc,0x5e,0xfc,0x5e,0xfc,0x5e,0xfc,0x5e,0xfc,0x5e,0xfc,0x5e,0xfc,0x5e,0xfc,0x5e,0xfc,0x5e,0xfc,0x5e,
0xfc,0x5e,0xdc,0x5e,0x5d,0x67,0x10,0x23,0xaa,0x00,0x8e,0x01,0xae,0x01,0xf0,0x01,0xb3,0x02,0x31,0x02,0x9b,0x5e,0x3c,0x67,0xfc,0x66,0x1c,0x67,0x1c,0x67,0xfc,0x5e,
0xfc,0x5e,0xdc,0x56,0x50,0x0a,0x51,0x02,0x93,0x02,0x52,0x02,0x51,0x02,0x4d,0x01,0x32,0x1b,0x3d,0x67,0xdc,0x5e,0xfc,0x5e,0xfc,0x5e,0xfc,0x56,0xfc,0x56,0xfc,0x56,
0xdb,0x56,0xbf,0xdf,0xff,0xff,0xff,0xff,0xff,0xff,0xff,0xff,0xbe,0xcf,0xdb,0x46,0xdf,0xdf,0xff,0xff,0xff,0xff,0xff,0xff,0xff,0xff,0xff,0xff,0xff,0xff,0xff,0xff,
0xff,0xff,0xff,0xff,0x7e,0xaf,0xbb,0x3e,0xdb,0x4e,0xdb,0x4e,0xdb,0x4e,0xdb,0x4e,0xbb,0x46,0xbb,0x46,0xbb,0x46,0xbb,0x46,0xbb,0x46,0xbb,0x46,0xbb,0x46,0xbb,0x46,
0xbb,0x46,0xbb,0x46,0xbb,0x46,0xba,0x46,0xba,0x46,0xba,0x46,0xba,0x46,0xba,0x46,0xba,0x46,0xba,0x46,0xba,0x46,0x9a,0x46,0x9a,0x46,0x9a,0x46,0x9a,0x46,0x9a,0x46,
0x9a,0x46,0x9a,0x46,0x9a,0x46,0x9a,0x46,0xba,0x46,0x9a,0x46,0x9a,0x46,0x9a,0x46,0xbb,0x46,0xba,0x46,0xbb,0x46,0xba,0x46,0xbb,0x46,0xbb,0x46,0xbb,0x46,0xbb,0x46,
0xbb,0x46,0xbb,0x46,0xbb,0x46,0xbb,0x46,0xbb,0x46,0xbb,0x4e,0xbb,0x4e,0xbb,0x4e,0xbb,0x4e,0xbb,0x4e,0xbb,0x4e,0xdb,0x4e,0xdb,0x4e,0xdb,0x4e,0xdb,0x4e,0xdb,0x4e,
0xdb,0x4e,0xdb,0x4e,0xdb,0x4e,0xdb,0x56,0xdb,0x56,0xdb,0x4e,0xdb,0x56,0xdb,0x4e,0xfd,0x15,0xdd,0x05,0xfd,0x05,0xdd,0x05,0x3d,0x1e,0xfb,0x5e,0xdb,0x56,0xdc,0x5e,
0xfc,0x5e,0xfc,0x5e,0xfc,0x5e,0xfc,0x5e,0xfc,0x5e,0xfc,0x5e,0xfc,0x5e,0xfc,0x5e,0xfc,0x5e,0xfc,0x5e,0xfc,0x5e,0xfc,0x5e,0xfc,0x5e,0xfc,0x5e,0x7d,0x67,0xd3,0x2b,
0x89,0x00,0x6d,0x01,0xaf,0x01,0xcf,0x01,0x35,0x03,0x11,0x02,0xb4,0x23,0x7d,0x6f,0x5d,0x6f,0x1c,0x67,0x1c,0x67,0x3c,0x67,0x7d,0x67,0x35,0x2c,0xd0,0x01,0xf4,0x02,
0x52,0x02,0x31,0x02,0xef,0x01,0x0c,0x01,0x93,0x2b,0x5d,0x67,0xdc,0x5e,0xfc,0x5e,0xfc,0x5e,0xfc,0x5e,0xfc,0x5e,0xdb,0x4e,0x5d,0x97,0xff,0xff,0xff,0xff,0xff,0xff,
0xff,0xf7,0xff,0xff,0x7e,0xb7,0xdb,0x4e,0xdf,0xef,0xff,0xff,0xff,0xff,0xff,0xff,0xff,0xff,0xff,0xff,0xff,0xff,0xff,0xff,0xff,0xf7,0xff,0xff,0x9e,0xc7,0xbb,0x46,
0xdb,0x4e,0xdb,0x4e,0xdb,0x4e,0xdb,0x4e,0xdb,0x4e,0xbb,0x46,0xbb,0x46,0xbb,0x46,0xbb,0x46,0xbb,0x46,0xbb,0x46,0xbb,0x46,0xbb,0x46,0xbb,0x46,0xbb,0x46,0xbb,0x46,
0xba,0x46,0xba,0x46,0xba,0x46,0xba,0x46,0xba,0x46,0xba,0x46,0xba,0x46,0xba,0x46,0xba,0x46,0xba,0x46,0xba,0x46,0xba,0x46,0x9a,0x46,0x9a,0x46,0x9a,0x46,0x9a,0x46,
0xba,0x46,0xba,0x46,0xba,0x46,0xba,0x46,0xba,0x46,0xba,0x46,0xbb,0x46,0xbb,0x46,0xbb,0x46,0xbb,0x46,0xbb,0x46,0xbb,0x46,0xbb,0x46,0xbb,0x46,0xbb,0x46,0xbb,0x4e,
0xbb,0x4e,0xbb,0x4e,0xdb,0x4e,0xbb,0x4e,0xdb,0x4e,0xdb,0x4e,0xdb,0x4e,0xdb,0x4e,0xdb,0x4e,0xdb,0x4e,0xdb,0x4e,0xdb,0x4e,0xdb,0x4e,0xdb,0x56,0xdb,0x4e,0xdb,0x56,
0xdb,0x56,0xdb,0x56,0xdb,0x4e,0xfd,0x15,0xdd,0x05,0xfd,0x05,0xdd,0x05,0x3d,0x16,0xfc,0x5e,0xfc,0x5e,0xdc,0x5e,0xfc,0x5e,0xfc,0x5e,0xfc,0x5e,0xfc,0x5e,0xfc,0x5e,
0xfc,0x5e,0xfc,0x5e,0xfc,0x5e,0xfc,0x5e,0xfc,0x5e,0xfc,0x5e,0xfc,0x5e,0xfc,0x66,0x1c,0x67,0xfc,0x5e,0x5d,0x67,0x37,0x45,0x89,0x00,0x2b,0x01,0xcf,0x01,0xae,0x01,
0x14,0x03,0xd7,0x13,0xd0,0x01,0xb4,0x23,0x5b,0x5e,0x1c,0x6f,0x1c,0x6f,0x9b,0x5e,0xf5,0x23,0xd0,0x01,0xd4,0x02,0xd4,0x02,0x31,0x02,0x31,0x02,0x8d,0x01,0xeb,0x00,
0xb6,0x3c,0x7d,0x67,0xdc,0x5e,0xfc,0x5e,0xfc,0x5e,0xfc,0x5e,0xfc,0x56,0xfc,0x66,0xff,0xef,0xff,0xff,0xff,0xf7,0xff,0xff,0xff,0xf7,0xff,0xff,0x5d,0xa7,0xfb,0x56,
0xff,0xf7,0xff,0xff,0xff,0xff,0xff,0xff,0xff,0xff,0xff,0xff,0xff,0xff,0xff,0xff,0xff,0xf7,0xff,0xff,0xbe,0xcf,0xdb,0x46,0xdb,0x4e,0xdb,0x4e,0xdb,0x4e,0xdb,0x4e,
0xdb,0x4e,0xdb,0x4e,0xdb,0x4e,0xbb,0x46,0xbb,0x46,0xbb,0x46,0xbb,0x46,0xbb,0x46,0xbb,0x46,0xbb,0x46,0xbb,0x46,0xbb,0x46,0xbb,0x46,0xba,0x46,0xba,0x46,0xba,0x46,
0xba,0x46,0xba,0x46,0xba,0x46,0xba,0x46,0xba,0x46,0xba,0x46,0xba,0x46,0xba,0x46,0xba,0x46,0x9a,0x46,0x9a,0x46,0x9a,0x46,0xba,0x46,0xba,0x46,0xba,0x46,0xba,0x46,
0xba,0x46,0xba,0x46,0xbb,0x46,0xbb,0x46,0xbb,0x46,0xba,0x46,0xbb,0x46,0xbb,0x4e,0xbb,0x4e,0xbb,0x4e,0xbb,0x4e,0xbb,0x4e,0xbb,0x4e,0xbb,0x4e,0xbb,0x4e,0xdb,0x4e,
0xdb,0x4e,0xdb,0x4e,0xdb,0x4e,0xdb,0x4e,0xdb,0x4e,0xdb,0x4e,0xdb,0x4e,0xdb,0x4e,0xdb,0x56,0xdb,0x56,0xdb,0x56,0xdb,0x56,0xdb,0x56,0xdb,0x56,0xfc,0x15,0xbd,0x05,
0xdd,0x05,0xdd,0x05,0xfd,0x0d,0xdc,0x56,0xfb,0x5e,0xfc,0x5e,0xfc,0x5e,0xfc,0x5e,0xfc,0x5e,0xfc,0x5e,0xfc,0x5e,0xfc,0x5e,0xfc,0x5e,0xfc,0x5e,0xfc,0x66,0xfc,0x5e,
0xfc,0x66,0xfc,0x66,0x1c,0x67,0x1c,0x67,0x1c,0x67,0xfc,0x66,0x1c,0x67,0xdb,0x5e,0x6c,0x09,0xa9,0x00,0x8d,0x01,0xcf,0x01,0xf0,0x01,0x38,0x34,0x57,0x3c,0x31,0x02,
0xf0,0x01,0x92,0x0a,0xb2,0x0a,0x31,0x02,0xf1,0x01,0xf4,0x02,0xf5,0x02,0x51,0x02,0x31,0x02,0xf0,0x01,0x0b,0x01,0x4c,0x01,0x5a,0x56,0x3c,0x67,0xfc,0x5e,0xfc,0x5e,
0xfc,0x5e,0xfc,0x5e,0xdb,0x4e,0x9e,0xc7,0xff,0xff,0xff,0xf7,0xff,0xf7,0xff,0xf7,0xff,0xf7,0xff,0xff,0x3d,0x8f,0xfc,0x66,0xff,0xff,0xff,0xf7,0xff,0xf7,0xff,0xff,
0xff,0xf7,0xff,0xf7,0xff,0xf7,0xff,0xf7,0xff,0xf7,0xff,0xff,0xbe,0xcf,0xdb,0x4e,0xdb,0x4e,0xdb,0x4e,0xdb,0x4e,0xdb,0x4e,0xdb,0x4e,0xdb,0x4e,0xdb,0x4e,0xdb,0x4e,
0xdb,0x4e,0xdb,0x4e,0xbb,0x46,0xbb,0x46,0xbb,0x46,0xbb,0x46,0xbb,0x46,0xba,0x46,0xba,0x46,0xba,0x46,0xba,0x46,0xba,0x46,0xba,0x46,0xba,0x46,0xba,0x46,0xba,0x46,
0xba,0x46,0xba,0x46,0xba,0x46,0xba,0x46,0xba,0x46,0xba,0x46,0xba,0x46,0xba,0x46,0xba,0x46,0xba,0x46,0xba,0x46,0xbb,0x46,0xba,0x46,0xba,0x46,0xba,0x46,0xbb,0x46,
0xbb,0x4e,0xbb,0x4e,0xbb,0x4e,0xbb,0x4e,0xbb,0x4e,0xbb,0x4e,0xdb,0x4e,0xdb,0x4e,0xdb,0x4e,0xdb,0x4e,0xdb,0x4e,0xdb,0x4e,0xdb,0x4e,0xdb,0x4e,0xdb,0x4e,0xdb,0x4e,
0xdb,0x4e,0xdb,0x56,0xdb,0x56,0xdb,0x56,0xdb,0x56,0xdb,0x56,0xdb,0x56,0xdb,0x56,0xfb,0x5e,0x1c,0x1e,0x9d,0x05,0xdd,0x05,0xdd,0x05,0xdd,0x05,0xbc,0x46,0xfc,0x5e,
0xfc,0x5e,0xfc,0x5e,0xfc,0x5e,0xfc,0x5e,0xfc,0x5e,0xfc,0x5e,0xfc,0x5e,0xfc,0x66,0xfc,0x66,0xfc,0x66,0xfc,0x66,0xfc,0x66,0x1c,0x67,0x1c,0x67,0x1c,0x67,0x1c,0x67,
0x1c,0x67,0x1c,0x67,0xfc,0x66,0x9d,0x6f,0xf3,0x33,0x48,0x00,0x2b,0x01,0xcf,0x01,0xcf,0x01,0x30,0x0a,0x37,0x44,0xfa,0x5c,0x17,0x3c,0x75,0x2b,0x35,0x1b,0x55,0x0b,
0x76,0x03,0xf4,0x02,0x31,0x02,0x31,0x02,0x31,0x02,0x6c,0x01,0x89,0x00,0x92,0x2b,0x7d,0x67,0xfc,0x5e,0xfc,0x5e,0xfc,0x5e,0xfc,0x5e,0xfb,0x4e,0x5d,0x97,0xff,0xff,
0xff,0xef,0xff,0xf7,0xff,0xf7,0xff,0xf7,0xff,0xf7,0xff,0xff,0x1c,0x6f,0x3c,0x7f,0xff,0xff,0xdf,0xf7,0xff,0xf7,0xff,0xf7,0xff,0xf7,0xff,0xf7,0xff,0xf7,0xff,0xf7,
0xff,0xf7,0xff,0xff,0xbe,0xcf,0xdb,0x4e,0xdb,0x4e,0xdb,0x4e,0xdb,0x4e,0xdb,0x4e,0xdb,0x4e,0xdb,0x4e,0xdb,0x4e,0xdb,0x4e,0xdb,0x4e,0xdb,0x4e,0xdb,0x4e,0xdb,0x46,
0xdb,0x46,0xbb,0x46,0xbb,0x46,0xbb,0x46,0xbb,0x46,0xba,0x46,0xba,0x46,0xba,0x46,0xba,0x46,0xba,0x46,0xba,0x46,0xba,0x46,0xba,0x46,0xba,0x46,0xba,0x46,0xba,0x46,
0xba,0x46,0xba,0x46,0xba,0x46,0xba,0x46,0xba,0x46,0xba,0x46,0xba,0x46,0xba,0x4e,0xba,0x4e,0xbb,0x4e,0xbb,0x4e,0xbb,0x4e,0xbb,0x4e,0xbb,0x4e,0xbb,0x4e,0xbb,0x4e,
0xdb,0x4e,0xdb,0x4e,0xdb,0x4e,0xdb,0x4e,0xdb,0x4e,0xdb,0x4e,0xdb,0x4e,0xdb,0x4e,0xdb,0x4e,0xdb,0x4e,0xdb,0x4e,0xdb,0x4e,0xdb,0x56,0xdb,0x56,0xdb,0x56,0xdb,0x56,
0xdb,0x56,0xdb,0x56,0xdb,0x56,0xfb,0x5e,0x3c,0x2e,0x7d,0x05,0xbd,0x05,0xdd,0x05,0xbd,0x05,0x5c,0x2e,0x1b,0x67,0xfc,0x5e,0xfc,0x5e,0xfc,0x5e,0xfc,0x5e,0xfc,0x5e,
0xfc,0x5e,0xfc,0x5e,0xfc,0x66,0x1c,0x67,0x1c,0x67,0x1c,0x67,0x1c,0x67,0x1c,0x67,0x1c,0x67,0x1c,0x67,0x1c,0x67,0x1c,0x67,0x1c,0x67,0x1c,0x67,0x1c,0x67,0x3c,0x67,
0xfc,0x66,0xac,0x09,0x89,0x00,0x2b,0x01,0xcf,0x01,0xf0,0x01,0xf0,0x01,0xf3,0x1a,0xf6,0x33,0x37,0x3c,0xf7,0x23,0x35,0x03,0x92,0x02,0x31,0x02,0x31,0x02,0x11,0x02,
0x6c,0x01,0x89,0x00,0xcd,0x11,0xfc,0x5e,0x1c,0x5f,0xfc,0x5e,0xfc,0x5e,0xfc,0x5e,0xfc,0x56,0x3c,0x7f,0xff,0xff,0xff,0xff,0xff,0xff,0xff,0xff,0xff,0xff,0xff,0xff,
0xff,0xff,0xff,0xff,0xfc,0x5e,0x7d,0xa7,0xff,0xff,0xff,0xff,0xff,0xff,0xff,0xff,0xff,0xff,0xff,0xff,0xff,0xf7,0xff,0xf7,0xdf,0xef,0xff,0xf7,0xbe,0xcf,0xdb,0x4e,
0xfb,0x56,0xdb,0x4e,0xdb,0x4e,0xdb,0x4e,0xdb,0x4e,0xdb,0x4e,0xdb,0x4e,0xdb,0x4e,0xdb,0x4e,0xdb,0x4e,0xdb,0x4e,0xdb,0x4e,0xdb,0x4e,0xdb,0x4e,0xdb,0x4e,0xbb,0x46,
0xdb,0x46,0xba,0x46,0xba,0x46,0xba,0x46,0xba,0x46,0xba,0x46,0xba,0x46,0xba,0x46,0xba,0x46,0xba,0x46,0xba,0x46,0xba,0x46,0xba,0x46,0xba,0x46,0xba,0x46,0xba,0x46,
0xba,0x46,0xba,0x4e,0xba,0x4e,0xba,0x4e,0xba,0x4e,0xba,0x4e,0xbb,0x4e,0xbb,0x4e,0xbb,0x4e,0xbb,0x4e,0xdb,0x4e,0xdb,0x4e,0xdb,0x4e,0xdb,0x4e,0xdb,0x4e,0xdb,0x4e,
0xdb,0x4e,0xdb,0x4e,0xdb,0x4e,0xdb,0x4e,0xdb,0x4e,0xdb,0x4e,0xdb,0x56,0xdb,0x56,0xdb,0x56,0xdb,0x56,0xdb,0x56,0xdb,0x56,0xdb,0x56,0xdb,0x56,0xfb,0x5e,0x7c,0x3e,
0x7c,0x05,0x9c,0x05,0xbd,0x05,0xbd,0x05,0xfd,0x0d,0xfc,0x5e,0xfc,0x5e,0xfc,0x5e,0xfc,0x5e,0xfc,0x5e,0xfc,0x5e,0xfc,0x66,0xfc,0x66,0x1c,0x67,0x1c,0x67,0x1c,0x67,
0x1c,0x67,0x1c,0x67,0x1c,0x67,0x1c,0x67,0x1c,0x67,0x1c,0x67,0x1c,0x67,0x1c,0x67,0x1c,0x67,0x1c,0x67,0x1c,0x67,0x1c,0x67,0x5d,0x6f,0x5a,0x5e,0x4b,0x09,0x89,0x00,
0x2b,0x01,0xcf,0x01,0x31,0x02,0x11,0x02,0xf0,0x01,0xd0,0x01,0x10,0x02,0x11,0x02,0x31,0x02,0x31,0x02,0xef,0x01,0x4c,0x01,0x89,0x00,0x8c,0x09,0x5a,0x56,0x3d,0x67,
0xfc,0x5e,0xfc,0x5e,0xfc,0x5e,0xfc,0x5e,0xfc,0x5e,0x5d,0x97,0x7d,0xaf,0x5d,0x97,0x5d,0x97,0x5d,0x8f,0x5d,0x8f,0x5d,0x8f,0x5d,0x8f,0x5d,0x8f,0xfc,0x56,0x3d,0x87,
0x7d,0xaf,0x9e,0xb7,0x9e,0xbf,0x9e,0xc7,0xbe,0xd7,0xdf,0xdf,0xdf,0xe7,0xff,0xef,0xff,0xf7,0xff,0xff,0xbe,0xcf,0xdb,0x4e,0xfb,0x56,0xfb,0x56,0xfb,0x4e,0xdb,0x4e,
0xdb,0x4e,0xdb,0x4e,0xdb,0x4e,0xdb,0x4e,0xdb,0x4e,0xdb,0x4e,0xdb,0x4e,0xdb,0x4e,0xdb,0x4e,0xdb,0x4e,0xdb,0x4e,0xdb,0x4e,0xdb,0x4e,0xba,0x4e,0xdb,0x4e,0xba,0x46,
0xba,0x46,0xba,0x46,0xba,0x46,0xba,0x46,0xba,0x46,0xba,0x46,0xba,0x46,0xba,0x46,0xba,0x46,0xba,0x46,0xba,0x46,0xba,0x46,0xba,0x4e,0xba,0x4e,0xba,0x4e,0xba,0x4e,
0xba,0x4e,0xba,0x4e,0xdb,0x4e,0xbb,0x4e,0xbb,0x4e,0xdb,0x4e,0xdb,0x4e,0xdb,0x4e,0xdb,0x4e,0xdb,0x4e,0xdb,0x4e,0xdb,0x4e,0xdb,0x4e,0xdb,0x4e,0xdb,0x4e,0xdb,0x4e,
0xdb,0x4e,0xdb,0x56,0xdb,0x56,0xdb,0x56,0xdb,0x56,0xdb,0x56,0xdb,0x56,0xdb,0x56,0xdb,0x56,0xfb,0x56,0xdb,0x56,0x9c,0x0d,0x7c,0x05,0x9c,0x05,0xbd,0x05,0xbd,0x05,
0x9c,0x46,0x1b,0x67,0xfc,0x5e,0xfc,0x5e,0xfc,0x5e,0xfc,0x5e,0xfc,0x66,0x1c,0x67,0x1c,0x67,0x1c,0x67,0x1c,0x67,0x1c,0x67,0x1c,0x67,0x1c,0x67,0x1c,0x67,0x1c,0x67,
0x1c,0x67,0x1c,0x67,0x1c,0x67,0x1c,0x67,0x1c,0x67,0x1c,0x67,0x1c,0x67,0x3c,0x6f,0x1c,0x67,0x7d,0x6f,0x5a,0x5e,0xed,0x11,0x69,0x00,0xea,0x00,0x6d,0x01,0xf0,0x01,
0xcf,0x01,0xaf,0x01,0x31,0x02,0x51,0x02,0x31,0x02,0x8e,0x01,0x0a,0x01,0x68,0x00,0xed,0x11,0x5a,0x56,0x3d,0x5f,0xdc,0x5e,0xfc,0x5e,0xfc,0x5e,0xfc,0x5e,0xfc,0x5e,
0xfc,0x5e,0xfc,0x56,0xfb,0x56,0xfc,0x56,0xfc,0x56,0xfc,0x56,0xfc,0x56,0xfc,0x56,0xfb,0x56,0xfc,0x56,0xfc,0x5e,0xfb,0x56,0xfb,0x4e,0xdb,0x4e,0xdb,0x4e,0xdb,0x4e,
0xfb,0x4e,0xfb,0x56,0xfc,0x5e,0x1c,0x67,0x1c,0x6f,0x3c,0x87,0x1c,0x77,0xdb,0x46,0xdb,0x4e,0xdb,0x4e,0xdb,0x4e,0xfb,0x4e,0xdb,0x4e,0xdb,0x4e,0xdb,0x4e,0xdb,0x4e,
0xdb,0x4e,0xdb,0x4e,0xdb,0x4e,0xdb,0x4e,0xdb,0x4e,0xdb,0x4e,0xdb,0x4e,0xdb,0x4e,0xdb,0x4e,0xdb,0x4e,0xdb,0x4e,0xda,0x4e,0xba,0x4e,0xba,0x46,0xba,0x46,0xba,0x46,
0xba,0x46,0xba,0x46,0xba,0x46,0xba,0x46,0xba,0x46,0xba,0x46,0xba,0x46,0xba,0x46,0xba,0x4e,0xba,0x4e,0xba,0x4e,0xba,0x4e,0xbb,0x4e,0xdb,0x4e,0xda,0x4e,0xdb,0x4e,
0xdb,0x4e,0xdb,0x4e,0xdb,0x4e,0xdb,0x4e,0xdb,0x4e,0xdb,0x4e,0xdb,0x4e,0xdb,0x4e,0xdb,0x4e,0xdb,0x4e,0xdb,0x4e,0xdb,0x4e,0xdb,0x56,0xdb,0x56,0xdb,0x56,0xdb,0x56,
0xfb,0x56,0xdb,0x56,0xdb,0x56,0xdb,0x56,0xdb,0x56,0xfb,0x5e,0xdc,0x1d,0x5c,0x05,0x9c,0x05,0x9c,0x05,0x9d,0x05,0x1c,0x1e,0x1c,0x67,0xfc,0x5e,0xfc,0x5e,0xfc,0x5e,
0xfc,0x66,0xfc,0x66,0x1c,0x67,0x1c,0x67,0x1c,0x67,0x1c,0x67,0x1c,0x67,0x1c,0x67,0x1c,0x67,0x1c,0x67,0x1c,0x67,0x1c,0x67,0x1c,0x67,0x1c,0x67,0x1c,0x67,0x1c,0x67,
0x1c,0x6f,0x1c,0x67,0x1c,0x6f,0x1c,0x6f,0x1c,0x6f,0x1c,0x67,0x5d,0x67,0xdc,0x5e,0x51,0x23,0xa9,0x00,0xc9,0x00,0x4c,0x01,0x8e,0x01,0x8e,0x01,0x31,0x02,0x52,0x02,
0xcf,0x01,0xea,0x00,0xa9,0x00,0x92,0x2b,0xfc,0x5e,0x1c,0x5f,0xdb,0x5e,0xfc,0x5e,0xfc,0x5e,0xfc,0x5e,0x1c,0x67,0x1c,0x67,0x1c,0x67,0x1c,0x5f,0x1c,0x5f,0xfc,0x5e,
0xfc,0x56,0xfc,0x56,0xfc,0x56,0xfc,0x56,0xfc,0x56,0xfc,0x56,0xfc,0x56,0x1c,0x5f,0x1c,0x67,0x1c,0x67,0x1c,0x67,0x1c,0x67,0x1c,0x67,0x1c,0x67,0x1c,0x67,0x1c,0x67,
0x1c,0x67,0xfb,0x5e,0xfc,0x5e,0x1c,0x6f,0x1c,0x6f,0x1c,0x6f,0x1c,0x67,0xdb,0x4e,0xfb,0x4e,0xdb,0x4e,0xdb,0x4e,0xdb,0x4e,0xdb,0x4e,0xdb,0x4e,0xdb,0x4e,0xdb,0x4e,
0xdb,0x4e,0xdb,0x4e,0xdb,0x4e,0xdb,0x4e,0xdb,0x4e,0xdb,0x4e,0xda,0x4e,0xdb,0x4e,0xda,0x4e,0xda,0x4e,0xda,0x4e,0xba,0x4e,0xba,0x46,0xba,0x46,0xba,0x46,0xba,0x46,
0xba,0x46,0xba,0x46,0xba,0x46,0xba,0x46,0xba,0x4e,0xda,0x4e,0xba,0x4e,0xba,0x4e,0xdb,0x4e,0xda,0x4e,0xdb,0x4e,0xdb,0x4e,0xdb,0x4e,0xdb,0x4e,0xdb,0x4e,0xdb,0x4e,
0xdb,0x4e,0xdb,0x4e,0xdb,0x4e,0xdb,0x4e,0xdb,0x4e,0xdb,0x4e,0xdb,0x4e,0xdb,0x56,0xdb,0x56,0xdb,0x56,0xdb,0x56,0xdb,0x56,0xdb,0x56,0xfb,0x56,0xfb,0x56,0xdb,0x56,
0x1b,0x5f,0x7c,0x3e,0x5c,0x05,0x7c,0x05,0x7c,0x05,0x9c,0x05,0x9c,0x05,0xbc,0x46,0x1c,0x67,0xfc,0x5e,0x1c,0x67,0x1c,0x67,0x1c,0x67,0x1c,0x67,0x1c,0x67,0x1c,0x67,
0x1c,0x67,0x1c,0x67,0x1c,0x67,0x1c,0x67,0x1c,0x67,0x1c,0x67,0x1c,0x67,0x1c,0x67,0x1c,0x67,0x1c,0x6f,0x1c,0x6f,0x1c,0x6f,0x3c,0x6f,0x1c,0x6f,0x1c,0x6f,0x1c,0x6f,
0x1c,0x6f,0x1c,0x6f,0xfc,0x66,0xdc,0x5e,0x5e,0x5f,0xd3,0x23,0x89,0x00,0x4c,0x01,0x8e,0x01,0x8d,0x01,0x51,0x02,0x72,0x02,0xae,0x01,0x89,0x00,0xd3,0x2b,0x7e,0x5f,
0xdc,0x56,0xdb,0x56,0xfc,0x5e,0xfc,0x5e,0xfc,0x5e,0xfc,0x56,0xfc,0x56,0xfb,0x56,0xfc,0x56,0xfc,0x5e,0x1c,0x67,0x3c,0x77,0x5d,0x87,0x5d,0x97,0x7e,0xa7,0x9e,0xb7,
0xbe,0xc7,0xbe,0xcf,0xdf,0xdf,0xdf,0xdf,0xdf,0xe7,0xdf,0xef,0xdf,0xef,0xdf,0xef,0xdf,0xef,0xdf,0xef,0xdf,0xef,0xdf,0xef,0xdf,0xef,0xff,0xef,0xff,0xef,0xdf,0xef,
0xdf,0xef,0xff,0xf7,0x3d,0x87,0xdb,0x46,0xfb,0x56,0xfb,0x4e,0xdb,0x4e,0xfb,0x4e,0xdb,0x4e,0xdb,0x4e,0xdb,0x4e,0xdb,0x4e,0xdb,0x4e,0xdb,0x4e,0xdb,0x4e,0xdb,0x4e,
0xdb,0x4e,0xdb,0x4e,0xdb,0x4e,0xdb,0x4e,0xda,0x4e,0xda,0x4e,0xda,0x4e,0xda,0x4e,0xda,0x4e,0xda,0x4e,0xba,0x46,0xba,0x46,0xba,0x4e,0xba,0x4e,0xba,0x4e,0xba,0x46,
0xda,0x4e,0xdb,0x4e,0xda,0x4e,0xda,0x4e,0xdb,0x4e,0xdb,0x4e,0xdb,0x4e,0xdb,0x4e,0xdb,0x4e,0xdb,0x4e,0xdb,0x4e,0xdb,0x4e,0xdb,0x4e,0xdb,0x4e,0xdb,0x4e,0xdb,0x4e,
0xdb,0x4e,0xdb,0x4e,0xdb,0x56,0xdb,0x56,0xdb,0x56,0xfb,0x56,0xdb,0x56,0xfb,0x56,0xfb,0x56,0xfb,0x56,0xfb,0x56,0xfb,0x56,0xdb,0x56,0x7c,0x0d,0x5c,0x05,0x7c,0x05,
0x7c,0x05,0x7c,0x05,0xdc,0x15,0x1c,0x67,0xfc,0x5e,0x1c,0x5f,0x1c,0x67,0x1c,0x67,0x1c,0x67,0x1c,0x67,0x1c,0x67,0x1c,0x67,0x1c,0x67,0x1c,0x67,0x1c,0x67,0x1c,0x67,
0x1c,0x67,0x1c,0x67,0x1c,0x67,0x1c,0x6f,0x3c,0x6f,0x1c,0x6f,0x3c,0x6f,0x3c,0x6f,0x3c,0x6f,0x3c,0x6f,0x3c,0x6f,0x1c,0x6f,0x1c,0x6f,0x1c,0x67,0xfc,0x66,0xdb,0x5e,
0x1d,0x57,0x57,0x3d,0x89,0x00,0x6c,0x01,0xae,0x01,0x6d,0x01,0x52,0x02,0x93,0x02,0xae,0x01,0xa9,0x00,0xb8,0x45,0x1c,0x5f,0xdb,0x56,0xfc,0x5e,0xfc,0x5e,0xfc,0x66,
0x1c,0x6f,0x3d,0x7f,0x5d,0x97,0x7e,0xaf,0xbe,0xc7,0xbf,0xd7,0xdf,0xe7,0xff,0xf7,0xff,0xff,0xff,0xff,0xff,0xff,0xff,0xff,0xff,0xff,0xff,0xff,0xff,0xf7,0xff,0xf7,
0xff,0xf7,0xff,0xf7,0xff,0xf7,0xff,0xef,0xff,0xef,0xdf,0xef,0xdf,0xef,0xdf,0xef,0xff,0xef,0xdf,0xef,0xdf,0xef,0xdf,0xe7,0xff,0xf7,0x7d,0xa7,0xdb,0x46,0xfb,0x56,
0xfb,0x4e,0xfb,0x4e,0xfb,0x4e,0xfb,0x4e,0xfb,0x4e,0xdb,0x4e,0xdb,0x4e,0xdb,0x4e,0xdb,0x4e,0xdb,0x4e,0xdb,0x4e,0xdb,0x4e,0xdb,0x4e,0xdb,0x4e,0xdb,0x4e,0xdb,0x4e,
0xdb,0x4e,0xda,0x4e,0xda,0x4e,0xda,0x4e,0xda,0x4e,0xda,0x4e,0xda,0x4e,0xba,0x4e,0xba,0x4e,0xda,0x4e,0xba,0x4e,0xba,0x4e,0xda,0x4e,0xda,0x4e,0xdb,0x4e,0xda,0x4e,
0xdb,0x4e,0xdb,0x4e,0xdb,0x4e,0xdb,0x4e,0xdb,0x4e,0xdb,0x4e,0xdb,0x4e,0xdb,0x4e,0xdb,0x4e,0xdb,0x4e,0xdb,0x4e,0xdb,0x56,0xdb,0x56,0xdb,0x56,0xdb,0x56,0xdb,0x56,
0xdb,0x56,0xdb,0x56,0xfb,0x56,0xfb,0x56,0xfb,0x56,0xfb,0x56,0xdb,0x56,0x1b,0x5f,0x1b,0x2e,0x3c,0x05,0x5c,0x05,0x5c,0x05,0x7c,0x05,0x7c,0x05,0x7c,0x3e,0x1c,0x67,
0xfc,0x5e,0x1c,0x67,0x1c,0x67,0x1c,0x67,0x1c,0x67,0x1c,0x67,0x1c,0x67,0x1c,0x67,0x1c,0x67,0x1c,0x67,0x1c,0x67,0x1c,0x6f,0x1c,0x6f,0x3c,0x6f,0x3c,0x6f,0x3c,0x6f,
0x1c,0x6f,0x1c,0x6f,0x1c,0x6f,0x3c,0x6f,0x1c,0x6f,0x1c,0x6f,0x1c,0x6f,0x1c,0x6f,0x1c,0x6f,0x1c,0x67,0xfc,0x5e,0xdc,0x5e,0x1d,0x5f,0x57,0x3d,0xa9,0x00,0x6d,0x01,
0xae,0x01,0x6d,0x01,0x52,0x02,0xb3,0x02,0xce,0x01,0xea,0x00,0x98,0x45,0x3d,0x5f,0xdb,0x56,0xdc,0x5e,0xfc,0x66,0x1c,0x6f,0x1c,0x77,0x1c,0x7f,0x1c,0x7f,0x3c,0x7f,
0x3c,0x7f,0x3c,0x7f,0x1c,0x7f,0x1c,0x7f,0x3d,0x7f,0x5e,0x6f,0x5f,0x77,0x9f,0x9f,0xbf,0xc7,0xdf,0xe7,0xff,0xff,0xff,0xff,0xff,0xf7,0xff,0xef,0xdf,0xef,0xdf,0xef,
0xff,0xef,0xff,0xef,0xdf,0xef,0xdf,0xef,0xdf,0xef,0xdf,0xe7,0xdf,0xe7,0xff,0xf7,0x9e,0xbf,0xfb,0x4e,0xfb,0x56,0xfb,0x56,0xfb,0x56,0xfb,0x4e,0xfb,0x4e,0xfb,0x4e,
0xfb,0x4e,0xdb,0x4e,0xdb,0x4e,0xdb,0x4e,0xdb,0x4e,0xdb,0x4e,0xdb,0x4e,0xdb,0x4e,0xdb,0x4e,0xdb,0x4e,0xdb,0x4e,0xdb,0x4e,0xdb,0x4e,0xdb,0x4e,0xda,0x4e,0xda,0x4e,
0xda,0x4e,0xda,0x4e,0xda,0x4e,0xda,0x4e,0xda,0x4e,0xda,0x4e,0xda,0x4e,0xda,0x4e,0xda,0x4e,0xda,0x4e,0xdb,0x4e,0xdb,0x4e,0xdb,0x4e,0xdb,0x4e,0xdb,0x4e,0xdb,0x4e,
0xdb,0x4e,0xdb,0x4e,0xdb,0x4e,0xdb,0x4e,0xdb,0x4e,0xdb,0x4e,0xdb,0x56,0xdb,0x56,0xdb,0x56,0xfb,0x56,0xfb,0x56,0xdb,0x56,0xfb,0x56,0xfb,0x56,0xfb,0x56,0xfb,0x56,
0xfb,0x56,0xfb,0x56,0xfb,0x5e,0xbb,0x4e,0x3c,0x05,0x3c,0x05,0x5c,0x05,0x5c,0x05,0x5c,0x05,0x9c,0x05,0xfc,0x5e,0x1c,0x67,0x1c,0x67,0x1c,0x67,0x1c,0x67,0x1c,0x67,
0x1c,0x67,0x1c,0x67,0x1c,0x67,0x1c,0x67,0x1c,0x67,0x1c,0x6f,0x3c,0x6f,0x3c,0x6f,0x3c,0x6f,0x3c,0x6f,0x3c,0x6f,0x3c,0x6f,0x7d,0x77,0x7d,0x77,0x5d,0x77,0x5d,0x77,
0x5d,0x77,0x5d,0x6f,0x5d,0x6f,0x5d,0x6f,0x3d,0x6f,0x3c,0x67,0x1c,0x67,0xfc,0x5e,0x3d,0x5f,0xb5,0x34,0xaa,0x00,0x8d,0x01,0xae,0x01,0x6d,0x01,0x51,0x02,0xd4,0x02,
0xef,0x01,0x0b,0x01,0x78,0x4d,0x7d,0x67,0xfc,0x5e,0x1c,0x5f,0x1c,0x5f,0x1c,0x5f,0x1c,0x5f,0x1c,0x5f,0x1c,0x5f,0x1c,0x5f,0x1c,0x5f,0x3c,0x5f,0x3c,0x67,0x5c,0x5f,
0xfc,0x5e,0xfc,0x4e,0xfd,0x26,0xde,0x06,0xbe,0x06,0xde,0x1e,0xfe,0x46,0x5e,0x87,0x9f,0xc7,0xff,0xf7,0xff,0xff,0xff,0xef,0xdf,0xe7,0xdf,0xef,0xdf,0xef,0xdf,0xe7,
0xdf,0xe7,0xdf,0xe7,0xff,0xef,0xbe,0xcf,0xfb,0x56,0xfb,0x56,0xfb,0x56,0xfb,0x56,0xfb,0x56,0xfb,0x56,0xfb,0x4e,0xfb,0x4e,0xfb,0x4e,0xfb,0x4e,0xfb,0x4e,0xdb,0x4e,
0xdb,0x4e,0xdb,0x4e,0xdb,0x4e,0xdb,0x4e,0xdb,0x4e,0xdb,0x4e,0xdb,0x4e,0xdb,0x4e,0xdb,0x4e,0xdb,0x4e,0xdb,0x4e,0xda,0x4e,0xda,0x4e,0xda,0x4e,0xda,0x4e,0xda,0x4e,
0xda,0x4e,0xda,0x4e,0xda,0x4e,0xda,0x4e,0xda,0x4e,0xda,0x4e,0xdb,0x4e,0xdb,0x4e,0xdb,0x4e,0xdb,0x4e,0xdb,0x4e,0xdb,0x4e,0xdb,0x4e,0xdb,0x4e,0xdb,0x56,0xdb,0x56,
0xdb,0x56,0xfb,0x56,0xdb,0x56,0xdb,0x56,0xdb,0x56,0xfb,0x56,0xfb,0x56,0xfb,0x56,0xfb,0x56,0xfb,0x56,0xfb,0x56,0xfb,0x56,0xfb,0x56,0xfb,0x56,0x1b,0x5f,0xfb,0x25,
0x1c,0x05,0x5c,0x05,0x3c,0x05,0x5c,0x05,0x5c,0x05,0x1c,0x26,0x1c,0x67,0x1c,0x5f,0x1c,0x67,0x1c,0x67,0x1c,0x67,0x1c,0x67,0x1c,0x67,0x1c,0x67,0x1c,0x67,0x1c,0x67,
0x3c,0x6f,0x3c,0x6f,0x3c,0x6f,0x3c,0x6f,0x3c,0x6f,0x3c,0x6f,0x3c,0x6f,0x5d,0x6f,0xb6,0x3c,0x33,0x23,0x32,0x1b,0xf2,0x12,0xf2,0x12,0xd1,0x12,0xb1,0x12,0x91,0x12,
0x90,0x12,0x70,0x12,0x4f,0x12,0x2f,0x0a,0xee,0x09,0x2b,0x01,0xea,0x00,0xcf,0x01,0xae,0x01,0x4c,0x01,0x31,0x02,0x35,0x03,0x92,0x02,0x0c,0x01,0x10,0x02,0xd2,0x02,
0xf3,0x02,0x14,0x0b,0x34,0x0b,0x54,0x0b,0x55,0x0b,0x55,0x0b,0x75,0x13,0x75,0x13,0x95,0x13,0xb5,0x1b,0xd6,0x23,0x18,0x3d,0x3c,0x67,0x1c,0x67,0x1c,0x6f,0x1c,0x5f,
0xfd,0x2e,0xbe,0x06,0xbe,0x06,0x9e,0x06,0x9e,0x06,0xde,0x36,0x3e,0x87,0xbf,0xd7,0xff,0xff,0xff,0xef,0xdf,0xe7,0xdf,0xe7,0xdf,0xe7,0xff,0xef,0xbe,0xcf,0xfc,0x5e,
0xfb,0x56,0xfb,0x56,0xfb,0x56,0xfb,0x56,0xfb,0x56,0xfb,0x56,0xfb,0x56,0xfb,0x4e,0xfb,0x4e,0xfb,0x4e,0xfb,0x4e,0xfb,0x4e,0xfb,0x4e,0xfb,0x4e,0xdb,0x4e,0xdb,0x4e,
0xdb,0x4e,0xdb,0x4e,0xdb,0x4e,0xdb,0x4e,0xdb,0x4e,0xdb,0x4e,0xdb,0x4e,0xda,0x4e,0xda,0x4e,0xda,0x4e,0xda,0x4e,0xda,0x4e,0xda,0x4e,0xda,0x4e,0xda,0x4e,0xda,0x4e,
0xda,0x4e,0xdb,0x4e,0xdb,0x4e,0xdb,0x4e,0xdb,0x4e,0xdb,0x4e,0xdb,0x4e,0xdb,0x4e,0xdb,0x56,0xdb,0x56,0xdb,0x56,0xfb,0x56,0xdb,0x56,0xdb,0x56,0xfb,0x56,0xfb,0x56,
0xfb,0x56,0xfb,0x56,0xfb,0x56,0xfb,0x56,0xfb,0x56,0xfb,0x56,0xfb,0x56,0xfb,0x56,0xfb,0x56,0xfb,0x5e,0xdb,0x56,0x3b,0x05,0x3c,0x05,0x3c,0x05,0x3c,0x05,0x5c,0x05,
0x3c,0x05,0x7c,0x46,0x3c,0x6f,0x1c,0x67,0x1c,0x67,0x1c,0x67,0x1c,0x67,0x1c,0x67,0x1c,0x67,0x1c,0x67,0x1c,0x67,0x3c,0x6f,0x3c,0x6f,0x3c,0x6f,0x3c,0x6f,0x3c,0x6f,
0x3c,0x6f,0x3c,0x6f,0x5d,0x6f,0x9b,0x66,0x6d,0x01,0x31,0x02,0x14,0x23,0x54,0x2b,0x54,0x33,0x75,0x33,0x75,0x33,0x74,0x2b,0x54,0x2b,0x34,0x23,0x14,0x1b,0xf3,0x1a,
0xd3,0x12,0xb2,0x02,0x71,0x02,0x92,0x02,0x8e,0x01,0x6d,0x01,0x52,0x02,0xf4,0x02,0xfa,0x4c,0xf8,0x6c,0xd8,0x74,0xb8,0x6c,0xb8,0x64,0x98,0x5c,0x98,0x54,0x78,0x4c,
0x58,0x4c,0x38,0x44,0x38,0x3c,0x17,0x34,0xd7,0x2b,0xb7,0x2b,0xd4,0x0a,0x32,0x02,0x7b,0x5e,0x5c,0x67,0x1c,0x67,0x1c,0x67,0x1c,0x6f,0x1c,0x4f,0xde,0x16,0xbe,0x06,
0xbe,0x06,0x7e,0x06,0x5d,0x06,0x7d,0x16,0xfe,0x76,0xbf,0xd7,0xff,0xf7,0xdf,0xe7,0xff,0xef,0xbe,0xc7,0xfc,0x5e,0xfb,0x56,0xfb,0x56,0xfb,0x56,0xfb,0x56,0xfb,0x56,
0xfb,0x56,0xfb,0x56,0xfb,0x56,0xfb,0x56,0xfb,0x56,0xfb,0x4e,0xfb,0x4e,0xfb,0x4e,0xfb,0x4e,0xfb,0x4e,0xfb,0x4e,0xfb,0x4e,0xfb,0x4e,0xdb,0x4e,0xdb,0x4e,0xdb,0x4e,
0xdb,0x4e,0xdb,0x4e,0xdb,0x4e,0xdb,0x4e,0xda,0x4e,0xdb,0x4e,0xdb,0x4e,0xda,0x4e,0xda,0x4e,0xda,0x4e,0xda,0x4e,0xda,0x4e,0xdb,0x4e,0xdb,0x4e,0xdb,0x4e,0xdb,0x4e,
0xdb,0x4e,0xdb,0x4e,0xdb,0x4e,0xdb,0x56,0xdb,0x56,0xdb,0x56,0xfb,0x56,0xfb,0x56,0xfb,0x56,0xfb,0x56,0xfb,0x56,0xfb,0x56,0xfb,0x56,0xfb,0x56,0xfb,0x56,0xfb,0x56,
0xfb,0x56,0xfb,0x56,0xfb,0x56,0xfb,0x5e,0xfb,0x56,0x1b,0x5f,0x1b,0x2e,0xfb,0x04,0x3c,0x05,0x3c,0x05,0x3c,0x05,0x5c,0x05,0x7c,0x05,0xdc,0x5e,0x1c,0x67,0x1c,0x67,
0x1c,0x67,0x1c,0x67,0x1c,0x67,0x1c,0x67,0x1c,0x67,0x1c,0x67,0x3c,0x6f,0x3c,0x6f,0x3c,0x6f,0x3c,0x6f,0x3c,0x6f,0x3c,0x6f,0x3c,0x6f,0x3c,0x6f,0x7d,0x77,0x39,0x5e,
0x4c,0x01,0x10,0x02,0x93,0x02,0x72,0x02,0x72,0x0a,0x92,0x0a,0xb2,0x12,0xb2,0x12,0xd3,0x12,0xf3,0x12,0x14,0x1b,0x34,0x1b,0x34,0x13,0x14,0x03,0xb3,0x02,0x10,0x02,
0x4d,0x01,0x6d,0x01,0x93,0x02,0x72,0x02,0x95,0x33,0xd8,0x64,0xf9,0x6c,0xb8,0x64,0x78,0x54,0x37,0x44,0xd6,0x33,0xb6,0x2b,0x75,0x23,0x35,0x1b,0x15,0x13,0x14,0x0b,
0xf4,0x02,0x15,0x03,0x93,0x02,0x10,0x02,0x3a,0x56,0x5c,0x6f,0x1c,0x67,0x1c,0x67,0x1c,0x67,0x1c,0x6f,0x1c,0x67,0xdd,0x26,0x9e,0x06,0x9e,0x06,0x7d,0x06,0x5d,0x06,
0x3d,0x06,0x5d,0x16,0x1e,0x8f,0xff,0xf7,0x9e,0xb7,0xfc,0x56,0xfb,0x56,0x1b,0x5f,0xfb,0x56,0xfb,0x56,0xfb,0x56,0xfb,0x56,0xfb,0x56,0xfb,0x56,0xfb,0x56,0xfb,0x56,
0xfb,0x56,0xfb,0x56,0xfb,0x4e,0xfb,0x4e,0xfb,0x4e,0xfb,0x4e,0xfb,0x4e,0xfb,0x4e,0xfb,0x4e,0xfb,0x4e,0xfb,0x4e,0xdb,0x4e,0xdb,0x4e,0xdb,0x4e,0xdb,0x4e,0xdb,0x4e,
0xdb,0x4e,0xda,0x4e,0xdb,0x4e,0xda,0x4e,0xda,0x4e,0xda,0x4e,0xda,0x4e,0xda,0x4e,0xdb,0x4e,0xdb,0x4e,0xdb,0x4e,0xdb,0x4e,0xdb,0x4e,0xdb,0x56,0xdb,0x56,0xdb,0x56,
0xfb,0x56,0xfb,0x56,0xfb,0x56,0xfb,0x56,0xfb,0x56,0xfb,0x56,0xfb,0x56,0xfb,0x56,0xfb,0x56,0xfb,0x56,0xfb,0x56,0xfb,0x56,0xfb,0x56,0xfb,0x56,0xfb,0x5e,0xfb,0x5e,
0xfb,0x5e,0xfb,0x5e,0x7b,0x0d,0x1b,0x05,0x3b,0x05,0x3b,0x05,0x3c,0x05,0x3c,0x05,0xbc,0x15,0x1c,0x67,0x1c,0x67,0x1c,0x67,0x1c,0x67,0x1c,0x67,0x1c,0x67,0x3c,0x67,
0x3c,0x6f,0x3c,0x6f,0x3c,0x6f,0x3c,0x6f,0x3c,0x6f,0x3c,0x6f,0x3c,0x6f,0x3c,0x6f,0x3c,0x6f,0x3c,0x6f,0x5d,0x77,0xfb,0x6e,0x8c,0x09,0x4c,0x01,0x52,0x02,0x31,0x02,
0x31,0x02,0x11,0x02,0xf0,0x01,0xf0,0x01,0xcf,0x01,0xaf,0x01,0xaf,0x01,0xae,0x01,0x8e,0x01,0x6e,0x01,0x4d,0x01,0x4c,0x01,0x4d,0x01,0x6d,0x01,0x93,0x02,0x93,0x02,
0x11,0x02,0x11,0x02,0x11,0x02,0x11,0x02,0x32,0x02,0x32,0x02,0x52,0x02,0x52,0x02,0x73,0x02,0x93,0x02,0x93,0x02,0xb4,0x02,0xd4,0x02,0xd4,0x02,0xf0,0x01,0x50,0x0a,
0xfc,0x66,0x3c,0x67,0x1c,0x67,0x3c,0x67,0x1c,0x67,0x1c,0x67,0x1c,0x67,0x3c,0x6f,0xdd,0x36,0x7e,0x06,0x7d,0x06,0x5d,0x06,0x5d,0x06,0x3d,0x06,0x1c,0x06,0x9d,0x3e,
0xfc,0x5e,0x1b,0x5f,0x1c,0x5f,0x1b,0x5f,0xfb,0x56,0xfb,0x56,0xfb,0x56,0xfb,0x56,0xfb,0x56,0xfb,0x56,0xfb,0x56,0xfb,0x56,0xfb,0x56,0xfb,0x56,0xfb,0x56,0xfb,0x4e,
0xfb,0x4e,0xfb,0x4e,0xfb,0x4e,0xfb,0x4e,0xfb,0x4e,0xfb,0x4e,0xfb,0x4e,0xfb,0x4e,0xdb,0x4e,0xdb,0x4e,0xdb,0x4e,0xdb,0x4e,0xdb,0x4e,0xdb,0x4e,0xdb,0x4e,0xda,0x4e,
0xda,0x4e,0xda,0x4e,0xda,0x4e,0xda,0x4e,0xdb,0x4e,0xdb,0x56,0xdb,0x56,0xdb,0x56,0xdb,0x56,0xdb,0x56,0xfb,0x56,0xfb,0x56,0xfb,0x56,0xfb,0x56,0xfb,0x56,0xfb,0x56,
0xfb,0x56,0xfb,0x56,0xfb,0x56,0xfb,0x56,0xfb,0x56,0xfb,0x56,0xfb,0x56,0xfb,0x56,0xfb,0x56,0xfb,0x5e,0xfb,0x5e,0xfb,0x5e,0x1b,0x5f,0x9b,0x4e,0x1b,0x05,0x1b,0x05,
0x1b,0x05,0x1b,0x05,0x3c,0x05,0x3c,0x05,0x1c,0x2e,0x3c,0x6f,0x1c,0x67,0x1c,0x67,0x1c,0x67,0x1c,0x67,0x1c,0x67,0x3c,0x6f,0x3c,0x6f,0x3c,0x6f,0x3c,0x6f,0x3c,0x6f,
0x3c,0x6f,0x3c,0x6f,0x3c,0x6f,0x3c,0x6f,0x3c,0x6f,0x3c,0x6f,0x3c,0x6f,0xbd,0x7f,0x71,0x2b,0x89,0x00,0xad,0x01,0xcf,0x01,0xcf,0x01,0xcf,0x01,0xcf,0x01,0xae,0x01,
0xae,0x01,0xae,0x01,0xae,0x01,0xaf,0x01,0xae,0x01,0xae,0x01,0x6d,0x01,0x6d,0x01,0x4c,0x01,0x6d,0x01,0x93,0x02,0x93,0x02,0xb3,0x02,0xd4,0x02,0x93,0x02,0x72,0x02,
0x52,0x02,0x51,0x02,0x31,0x02,0x31,0x02,0x31,0x02,0x31,0x02,0x51,0x02,0x51,0x02,0x52,0x02,0x10,0x02,0x0c,0x01,0x14,0x34,0x9d,0x77,0x1c,0x67,0x3c,0x67,0x3c,0x67,
0x1c,0x67,0x1c,0x67,0x1c,0x67,0x1c,0x67,0x3c,0x6f,0xfd,0x3e,0x7e,0x06,0x5d,0x06,0x5d,0x06,0x3d,0x06,0x1d,0x06,0xfd,0x05,0x3c,0x1e,0x1c,0x5f,0x1c,0x5f,0x1b,0x5f,
0x1b,0x5f,0x1b,0x57,0xfb,0x56,0xfb,0x56,0xfb,0x56,0xfb,0x56,0xfb,0x56,0xfb,0x56,0xfb,0x56,0xfb,0x56,0xfb,0x56,0xfb,0x4e,0xfb,0x4e,0xfb,0x56,0xfb,0x56,0xfb,0x4e,
0xfb,0x4e,0xfb,0x4e,0xfb,0x4e,0xfb,0x4e,0xfb,0x4e,0xfb,0x4e,0xdb,0x4e,0xdb,0x4e,0xdb,0x4e,0xdb,0x4e,0xdb,0x4e,0xda,0x4e,0xda,0x4e,0xda,0x4e,0xda,0x4e,0xda,0x4e,
0xdb,0x56,0xdb,0x56,0xdb,0x56,0xfb,0x56,0xfb,0x56,0xfb,0x56,0xfb,0x56,0xfb,0x56,0xfb,0x56,0xfb,0x56,0xfb,0x56,0xfb,0x56,0xfb,0x56,0xfb,0x56,0xfb,0x56,0xfb,0x56,
0xfb,0x56,0xfb,0x56,0xfb,0x56,0xfb,0x5e,0xfb,0x5e,0xfb,0x5e,0xfb,0x5e,0xfb,0x5e,0x3b,0x67,0xfb,0x2d,0xfb,0x04,0x1b,0x05,0x1b,0x05,0x1b,0x05,0x3c,0x05,0x1c,0x05,
0x5c,0x3e,0x3c,0x6f,0x1c,0x67,0x1c,0x67,0x1c,0x67,0x3c,0x6f,0x3c,0x6f,0x3c,0x6f,0x3c,0x6f,0x3c,0x6f,0x3c,0x6f,0x3c,0x6f,0x3c,0x6f,0x3c,0x6f,0x3c,0x6f,0x3c,0x6f,
0x3c,0x6f,0x3c,0x6f,0x3c,0x6f,0x7d,0x77,0xdb,0x6e,0x4b,0x09,0x89,0x00,0x2b,0x01,0x0b,0x01,0x0a,0x01,0xea,0x00,0xea,0x00,0xea,0x00,0xea,0x00,0xea,0x00,0xea,0x00,
0xea,0x00,0xea,0x00,0x0b,0x01,0x4d,0x01,0x6d,0x01,0x6d,0x01,0x93,0x02,0xd4,0x02,0x72,0x02,0x8d,0x01,0x0b,0x01,0xea,0x00,0xea,0x00,0xea,0x00,0xea,0x00,0xea,0x00,
0x0a,0x01,0x0a,0x01,0x0b,0x01,0x2b,0x01,0x4c,0x01,0xeb,0x00,0xce,0x09,0xdb,0x66,0x5c,0x6f,0x1c,0x6f,0x3c,0x67,0x3c,0x67,0x3c,0x67,0x3c,0x67,0x3c,0x67,0x3c,0x67,
0x1c,0x67,0x3c,0x6f,0xdc,0x3e,0x5d,0x06,0x5d,0x06,0x3d,0x06,0x1d,0x06,0x1d,0x06,0xfc,0x05,0x3c,0x16,0x1c,0x5f,0x1b,0x5f,0x1b,0x5f,0x1b,0x5f,0x1b,0x57,0x1b,0x57,
0xfb,0x56,0xfb,0x56,0xfb,0x56,0xfb,0x56,0xfb,0x56,0xfb,0x56,0xfb,0x56,0xfb,0x56,0xfb,0x56,0xfb,0x56,0xfb,0x56,0xfb,0x56,0xfb,0x4e,0xfb,0x4e,0xfb,0x4e,0xfb,0x4e,
0xfb,0x4e,0xfb,0x4e,0xfb,0x4e,0xfb,0x4e,0xfb,0x4e,0xdb,0x4e,0xdb,0x4e,0xdb,0x4e,0xda,0x4e,0xda,0x4e,0xda,0x4e,0xda,0x4e,0xfb,0x56,0xfb,0x56,0xfb,0x56,0xfb,0x56,
0xfb,0x56,0xfb,0x56,0xfb,0x56,0xfb,0x56,0xfb,0x56,0xfb,0x56,0xfb,0x56,0xfb,0x56,0xfb,0x56,0xfb,0x56,0xfb,0x56,0xfb,0x56,0xfb,0x5e,0xfb,0x5e,0xfb,0x5e,0xfb,0x5e,
0xfb,0x5e,0xfb,0x5e,0x1b,0x5f,0xfb,0x5e,0x1b,0x5f,0x7b,0x15,0xfb,0x04,0x1b,0x05,0x1b,0x05,0x1b,0x05,0x3b,0x05,0x1c,0x05,0x9c,0x4e,0x3c,0x6f,0x1c,0x67,0x3c,0x67,
0x1c,0x67,0x3c,0x6f,0x3c,0x6f,0x3c,0x6f,0x3c,0x6f,0x3c,0x6f,0x3c,0x6f,0x3c,0x6f,0x3c,0x6f,0x3c,0x6f,0x3c,0x6f,0x3c,0x6f,0x3c,0x77,0x5c,0x77,0x5c,0x77,0x3c,0x77,
0x9d,0x77,0x39,0x66,0xac,0x11,0x89,0x00,0xaa,0x00,0xaa,0x00,0xaa,0x00,0xa9,0x00,0xa9,0x00,0xa9,0x00,0x89,0x00,0xa9,0x00,0xa9,0x00,0xa9,0x00,0xa9,0x00,0x0b,0x01,
0x6d,0x01,0x6d,0x01,0xb3,0x02,0xf5,0x02,0xf0,0x01,0xa9,0x00,0xea,0x00,0xc9,0x00,0xa9,0x00,0xa9,0x00,0xa9,0x00,0xaa,0x00,0xaa,0x00,0xaa,0x00,0xca,0x00,0xca,0x00,
0xcb,0x00,0x0e,0x12,0x39,0x5e,0x7d,0x6f,0x1c,0x6f,0x3c,0x6f,0x3c,0x6f,0x3c,0x6f,0x3c,0x67,0x3c,0x67,0x3c,0x67,0x1c,0x67,0x1c,0x67,0x1c,0x67,0x3c,0x6f,0xbc,0x36,
0x3d,0x06,0x3d,0x06,0x1d,0x06,0xfc,0x05,0xfc,0x05,0xdc,0x05,0x3c,0x1e,0x1b,0x5f,0x1b,0x5f,0x1b,0x5f,0xfb,0x5e,0xfb,0x56,0x1b,0x57,0xfb,0x56,0xfb,0x56,0xfb,0x56,
0xfb,0x56,0xfb,0x56,0xfb,0x56,0xfb,0x56,0xfb,0x56,0xfb,0x56,0xfb,0x56,0xfb,0x56,0xfb,0x56,0xfb,0x56,0xfb,0x56,0xfb,0x56,0xfb,0x4e,0xfb,0x4e,0xfb,0x4e,0xfb,0x4e,
0xfb,0x4e,0xfb,0x4e,0xfb,0x4e,0xdb,0x4e,0xfa,0x4e,0xda,0x4e,0xda,0x4e,0xda,0x4e,0xdb,0x56,0xfb,0x56,0xfb,0x56,0xfb,0x56,0xfb,0x56,0xfb,0x56,0xfb,0x56,0xfb,0x56,
0xfb,0x56,0xfb,0x56,0xfb,0x56,0xfb,0x56,0xfb,0x56,0xfb,0x56,0xfb,0x56,0xfb,0x56,0xfb,0x5e,0xfb,0x5e,0xfb,0x5e,0xfb,0x5e,0xfb,0x5e,0x1b,0x5f,0x1b,0x5f,0x1b,0x5f,
0xdb,0x56,0x1b,0x05,0xfb,0x04,0x1b,0x05,0x1b,0x05,0x1b,0x05,0x1b,0x05,0x3c,0x05,0xdc,0x56,0x3c,0x6f,0x1c,0x67,0x3c,0x6f,0x3c,0x6f,0x3c,0x6f,0x3c,0x6f,0x3c,0x6f,
0x3c,0x6f,0x3c,0x6f,0x3c,0x6f,0x3c,0x6f,0x3c,0x6f,0x3c,0x6f,0x3c,0x6f,0x3c,0x6f,0x5c,0x77,0x5c,0x77,0x5c,0x77,0x5c,0x77,0x3c,0x77,0x9d,0x7f,0x1c,0x77,0x95,0x44,
0x71,0x33,0x10,0x2b,0xd0,0x22,0x8f,0x22,0x2d,0x1a,0xed,0x11,0xcc,0x11,0x8b,0x09,0x2a,0x09,0xa9,0x00,0xa9,0x00,0x0b,0x01,0x6d,0x01,0x6d,0x01,0xb3,0x02,0xf5,0x02,
0x10,0x02,0xca,0x00,0xa9,0x00,0x2b,0x01,0xac,0x11,0xed,0x11,0x2e,0x12,0x4e,0x1a,0x8f,0x1a,0xd0,0x22,0xd0,0x22,0x31,0x2b,0xd5,0x44,0x1c,0x6f,0x7d,0x77,0x1c,0x6f,
0x3c,0x6f,0x3c,0x6f,0x3c,0x6f,0x3c,0x6f,0x3c,0x6f,0x3c,0x67,0x3c,0x67,0x3c,0x67,0x3c,0x67,0x1c,0x67,0x1c,0x67,0x3c,0x6f,0x7d,0x1e,0x1d,0x06,0x1d,0x06,0xfc,0x05,
0xfc,0x05,0xdc,0x05,0xbc,0x05,0x7c,0x2e,0x3b,0x67,0xfb,0x56,0x1b,0x5f,0x1b,0x5f,0x1b,0x5f,0x1b,0x57,0x1b,0x57,0xfb,0x56,0xfb,0x56,0xfb,0x56,0xfb,0x56,0xfb,0x56,
0xfb,0x56,0xfb,0x56,0xfb,0x56,0xfb,0x56,0xfb,0x56,0xfb,0x56,0xfb,0x56,0xfb,0x56,0xfb,0x4e,0xfb,0x4e,0xfb,0x4e,0xfb,0x4e,0xfb,0x4e,0xfb,0x4e,0xfb,0x4e,0xfa,0x4e,
0xfa,0x4e,0xfa,0x4e,0xda,0x4e,0xfa,0x4e,0xfb,0x56,0xfb,0x56,0xfb,0x56,0xfb,0x56,0xfb,0x56,0xfb,0x56,0xfb,0x56,0xfb,0x56,0xfb,0x56,0xfb,0x56,0xfb,0x56,0xfb,0x56,
0xfb,0x56,0xfb,0x56,0xfb,0x5e,0xfb,0x5e,0xfb,0x5e,0xfb,0x5e,0xfb,0x5e,0x1b,0x5f,0xfb,0x5e,0x1b,0x5f,0xfb,0x5e,0x3b,0x67,0x5b,0x3e,0xdb,0x04,0x1b,0x05,0x1b,0x05,
0x1b,0x05,0x1b,0x05,0x1b,0x05,0x5c,0x05,0xfc,0x66,0x3c,0x6f,0x3c,0x67,0x3c,0x6f,0x3c,0x6f,0x3c,0x6f,0x3c,0x6f,0x3c,0x6f,0x3c,0x6f,0x3c,0x6f,0x3c,0x6f,0x3c,0x6f,
0x3c,0x6f,0x3c,0x6f,0x5c,0x77,0x5c,0x77,0x5c,0x77,0x5c,0x77,0x5c,0x77,0x5c,0x77,0x5c,0x77,0x3c,0x77,0x5d,0x77,0xde,0x7f,0xbe,0x7f,0xbd,0x7f,0xbd,0x7f,0x9d,0x7f,
0x7d,0x7f,0x7d,0x7f,0x5c,0x77,0x1c,0x77,0x5c,0x77,0x13,0x3c,0x47,0x00,0x4c,0x01,0x6d,0x01,0x6d,0x01,0xb4,0x02,0xf5,0x02,0x31,0x02,0x89,0x00,0xb2,0x33,0x1c,0x77,
0x1c,0x77,0x5c,0x77,0x7d,0x77,0x7d,0x77,0x9d,0x77,0x9d,0x77,0x9d,0x77,0xbd,0x77,0xbd,0x77,0x5c,0x6f,0x1c,0x6f,0x3c,0x6f,0x3c,0x6f,0x3c,0x6f,0x3c,0x6f,0x3c,0x6f,
0x3c,0x6f,0x3c,0x6f,0x3c,0x6f,0x3c,0x67,0x3c,0x67,0x3c,0x67,0x3c,0x67,0x3c,0x67,0x1c,0x5f,0x3d,0x0e,0x1d,0x06,0xfc,0x05,0xfc,0x05,0xdc,0x05,0xdc,0x05,0xbc,0x05,
0xbc,0x46,0x1b,0x5f,0x1b,0x5f,0x1b,0x5f,0x1b,0x5f,0x1b,0x5f,0x1b,0x57,0xfb,0x56,0xfb,0x56,0xfb,0x56,0xfb,0x56,0xfb,0x56,0xfb,0x56,0xfb,0x56,0xfb,0x56,0xfb,0x56,
0xfb,0x56,0xfb,0x56,0xfb,0x56,0xfb,0x56,0xfb,0x56,0xfb,0x56,0xfb,0x56,0xfb,0x56,0xfb,0x56,0xfb,0x4e,0xfb,0x4e,0xfb,0x4e,0xfa,0x4e,0xfa,0x56,0xfa,0x4e,0xfa,0x4e,
0xfb,0x56,0xfb,0x56,0xfb,0x56,0xfb,0x56,0xfb,0x56,0xfb,0x56,0xfb,0x56,0xfb,0x56,0xfb,0x56,0xfb,0x56,0xfb,0x56,0xfb,0x56,0xfb,0x5e,0xfb,0x5e,0xfb,0x5e,0xfb,0x5e,
0xfb,0x5e,0x1b,0x5f,0xfb,0x5e,0x1b,0x5f,0x1b,0x5f,0x1b,0x5f,0xfb,0x5e,0x3b,0x67,0xdb,0x2d,0xdb,0x04,0x1b,0x05,0xfb,0x04,0x1b,0x05,0x1b,0x05,0x1b,0x05,0x7b,0x0d,
0x1c,0x67,0x3c,0x6f,0x3c,0x67,0x3c,0x6f,0x3c,0x6f,0x3c,0x6f,0x3c,0x6f,0x3c,0x6f,0x3c,0x6f,0x3c,0x6f,0x3c,0x6f,0x3c,0x6f,0x3c,0x77,0x5c,0x77,0x5c,0x77,0x5c,0x77,
0x5c,0x77,0x5c,0x77,0x5c,0x77,0x5c,0x77,0x5c,0x77,0x5c,0x77,0x5c,0x77,0x3c,0x77,0x3c,0x77,0x3c,0x77,0x5c,0x77,0x5c,0x77,0x5c,0x77,0x5d,0x77,0x5d,0x77,0x5c,0x77,
0xfe,0x87,0x16,0x4d,0x27,0x00,0x4c,0x01,0x6d,0x01,0x6d,0x01,0xb4,0x02,0xf5,0x02,0x51,0x02,0x89,0x00,0x36,0x4d,0xde,0x7f,0x3c,0x77,0x5c,0x77,0x5c,0x77,0x3c,0x77,
0x3c,0x77,0x3c,0x6f,0x3c,0x6f,0x3c,0x6f,0x3c,0x6f,0x3c,0x6f,0x3c,0x6f,0x3c,0x6f,0x3c,0x6f,0x3c,0x6f,0x3c,0x6f,0x3c,0x6f,0x3c,0x6f,0x3c,0x6f,0x3c,0x6f,0x3c,0x67,
0x3c,0x67,0x3c,0x67,0x3c,0x67,0x1c,0x67,0x3c,0x6f,0xbc,0x46,0xfd,0x05,0xfc,0x05,0xdc,0x05,0xdc,0x05,0xdc,0x05,0xbc,0x05,0xdc,0x15,0x1b,0x5f,0x1b,0x5f,0x1b,0x5f,
0x1b,0x5f,0x1b,0x5f,0x1b,0x5f,0x1b,0x57,0xfb,0x56,0xfb,0x56,0xfb,0x56,0xfb,0x56,0xfb,0x56,0xfb,0x56,0xfb,0x56,0xfb,0x56,0xfb,0x56,0xfb,0x56,0xfb,0x56,0xfb,0x56,
0xfb,0x56,0xfb,0x56,0xfb,0x56,0xfb,0x56,0xfb,0x56,0xfb,0x56,0xfb,0x56,0xfb,0x56,0xfa,0x56,0xfa,0x56,0xfa,0x56,0xfa,0x56,0xfb,0x56,0xfb,0x56,0xfb,0x56,0xfb,0x56,
0xfb,0x56,0xfb,0x56,0xfb,0x56,0xfb,0x56,0xfb,0x56,0xfb,0x5e,0xfb,0x5e,0xfb,0x5e,0xfb,0x5e,0xfb,0x5e,0xfb,0x5e,0xfb,0x5e,0x1b,0x5f,0x1b,0x5f,0x1b,0x5f,0x1b,0x5f,
0x1b,0x5f,0x1b,0x5f,0x1b,0x5f,0x1b,0x67,0x7b,0x1d,0xdb,0x04,0xfb,0x04,0xfb,0x04,0x1b,0x05,0x1b,0x05,0x1b,0x05,0x9b,0x15,0x3c,0x6f,0x3c,0x6f,0x3c,0x6f,0x3c,0x6f,
0x3c,0x6f,0x3c,0x6f,0x3c,0x6f,0x3c,0x6f,0x3c,0x6f,0x3c,0x6f,0x3c,0x6f,0x3c,0x77,0x5c,0x77,0x5c,0x77,0x5c,0x77,0x5c,0x77,0x5c,0x77,0x5c,0x77,0x5c,0x77,0x5c,0x77,
0x5c,0x77,0x5c,0x77,0x5c,0x77,0x5d,0x77,0x5c,0x77,0x5d,0x7f,0x5d,0x7f,0x5d,0x7f,0x5d,0x77,0x5d,0x7f,0x5d,0x7f,0x3c,0x77,0xde,0x7f,0xb4,0x4c,0x47,0x00,0x6d,0x01,
0x6d,0x01,0x6d,0x01,0xb4,0x02,0xf5,0x02,0x72,0x02,0x89,0x00,0xb5,0x44,0xbe,0x7f,0x3c,0x77,0x5c,0x77,0x5c,0x77,0x5c,0x77,0x5c,0x77,0x5c,0x77,0x5c,0x77,0x5c,0x77,
0x5c,0x77,0x3c,0x6f,0x3c,0x6f,0x3c,0x6f,0x3c,0x6f,0x3c,0x6f,0x3c,0x6f,0x3c,0x6f,0x3c,0x6f,0x3c,0x6f,0x3c,0x6f,0x3c,0x6f,0x3c,0x6f,0x3c,0x67,0x3c,0x67,0x3c,0x67,
0x1c,0x67,0x3c,0x6f,0x3c,0x1e,0xfc,0x05,0xfc,0x05,0xdc,0x05,0xbc,0x05,0xbc,0x05,0x9c,0x05,0x7b,0x36,0x3b,0x67,0x1b,0x5f,0x1b,0x5f,0x1b,0x5f,0x1b,0x5f,0x1b,0x5f,
0x1b,0x57,0xfb,0x56,0xfb,0x56,0xfb,0x56,0xfb,0x56,0xfb,0x56,0xfb,0x56,0xfb,0x56,0xfb,0x56,0xfb,0x56,0xfb,0x56,0xfb,0x56,0xfb,0x56,0xfb,0x56,0xfb,0x56,0xfb,0x56,
0xfb,0x56,0xfb,0x56,0xfb,0x56,0xfb,0x56,0xfa,0x56,0xfa,0x56,0xfa,0x56,0xfa,0x56,0xfb,0x56,0xfb,0x56,0xfb,0x56,0xfb,0x56,0xfb,0x56,0xfb,0x56,0xfb,0x5e,0xfb,0x5e,
0xfb,0x5e,0xfb,0x5e,0xfb,0x5e,0xfb,0x5e,0xfb,0x5e,0xfb,0x5e,0xfb,0x5e,0x1b,0x5f,0x1b,0x5f,0x1b,0x5f,0x1b,0x5f,0x1b,0x5f,0x1b,0x5f,0x1b,0x5f,0x1b,0x67,0x1b,0x5f,
0x3b,0x0d,0xfb,0x04,0xfb,0x04,0xfb,0x04,0x1b,0x05,0x1b,0x05,0xfb,0x04,0x9b,0x1d,0x3c,0x6f,0x3c,0x6f,0x3c,0x6f,0x3c,0x6f,0x3c,0x6f,0x3c,0x6f,0x3c,0x6f,0x3c,0x6f,
0x3c,0x6f,0x3c,0x77,0x5c,0x77,0x5c,0x77,0x5c,0x77,0x5c,0x77,0x5c,0x77,0x5c,0x77,0x5c,0x77,0x5c,0x77,0x5c,0x77,0x5c,0x77,0x5c,0x77,0x5c,0x77,0x5c,0x77,0x5d,0x7f,
0x5d,0x7f,0x5d,0x7f,0x5d,0x7f,0x5d,0x7f,0x5d,0x7f,0x5d,0x7f,0x5d,0x7f,0x3c,0x77,0xde,0x87,0x94,0x44,0x48,0x00,0x6d,0x01,0x6d,0x01,0x6d,0x01,0xd4,0x02,0xf5,0x02,
0x72,0x02,0xaa,0x00,0x74,0x44,0xbe,0x7f,0x3c,0x77,0x5c,0x77,0x5c,0x77,0x5c,0x77,0x5c,0x77,0x5c,0x77,0x5c,0x77,0x5c,0x77,0x5c,0x77,0x5c,0x77,0x3c,0x6f,0x3c,0x6f,
0x3c,0x6f,0x3c,0x6f,0x3c,0x6f,0x3c,0x6f,0x3c,0x6f,0x3c,0x6f,0x3c,0x6f,0x3c,0x6f,0x3c,0x6f,0x3c,0x6f,0x3c,0x67,0x3c,0x67,0x1c,0x67,0x3c,0x6f,0xdc,0x4e,0xdc,0x05,
0xdc,0x05,0xdc,0x05,0xbc,0x05,0xbc,0x05,0x9c,0x05,0xdc,0x0d,0x1b,0x5f,0x1b,0x5f,0x1b,0x5f,0x1b,0x5f,0x1b,0x5f,0x1b,0x5f,0x1b,0x5f,0x1b,0x57,0xfb,0x56,0x1b,0x57,
0xfb,0x56,0xfb,0x56,0xfb,0x56,0xfb,0x56,0xfb,0x56,0xfb,0x56,0xfb,0x56,0xfb,0x56,0xfb,0x56,0xfb,0x56,0xfb,0x56,0xfb,0x56,0xfb,0x56,0xfa,0x56,0xfa,0x56,0xfa,0x56,
0xfa,0x56,0xfa,0x56,0xfa,0x56,0xfa,0x56,0xfb,0x56,0xfa,0x56,0xfb,0x56,0xfb,0x56,0xfb,0x56,0xfb,0x5e,0xfb,0x5e,0xfb,0x5e,0xfb,0x5e,0xfb,0x5e,0x1b,0x5f,0xfb,0x5e,
0xfb,0x5e,0x1b,0x5f,0x1b,0x5f,0x1b,0x5f,0x1b,0x5f,0x1b,0x5f,0x1b,0x5f,0x1b,0x5f,0x1b,0x5f,0x1b,0x5f,0x3b,0x67,0xdb,0x56,0xfb,0x04,0xfb,0x04,0xfb,0x04,0xfb,0x04,
0x1b,0x05,0x1b,0x05,0xfb,0x04,0xbb,0x1d,0x3c,0x6f,0x3c,0x6f,0x3c,0x6f,0x3c,0x6f,0x3c,0x6f,0x3c,0x6f,0x3c,0x6f,0x3c,0x6f,0x5c,0x77,0x5c,0x77,0x3c,0x77,0x5c,0x77,
0x5c,0x77,0x5c,0x77,0x5c,0x77,0x5c,0x77,0x5c,0x77,0x5c,0x77,0x5c,0x77,0x5c,0x77,0x5c,0x77,0x5d,0x77,0x5d,0x7f,0x5d,0x7f,0x5d,0x7f,0x5d,0x7f,0x5d,0x7f,0x5d,0x7f,
0x5d,0x7f,0x5d,0x7f,0x5d,0x7f,0x5c,0x77,0xde,0x87,0x53,0x44,0x48,0x00,0x6d,0x01,0x6d,0x01,0x8d,0x01,0xb4,0x02,0xf5,0x02,0x92,0x02,0xaa,0x00,0x54,0x3c,0xde,0x7f,
0x3c,0x77,0x5c,0x77,0x5c,0x77,0x5c,0x77,0x5c,0x77,0x5c,0x77,0x5c,0x77,0x5c,0x77,0x5c,0x77,0x5c,0x77,0x5c,0x6f,0x5c,0x6f,0x5c,0x6f,0x3c,0x6f,0x3c,0x6f,0x3c,0x6f,
0x3c,0x6f,0x3c,0x6f,0x3c,0x6f,0x3c,0x6f,0x3c,0x6f,0x3c,0x6f,0x3c,0x6f,0x3c,0x67,0x3c,0x67,0x1c,0x67,0x3c,0x6f,0x3c,0x1e,0xdc,0x05,0xdc,0x05,0xbc,0x05,0xbc,0x05,
0xbb,0x05,0x7b,0x05,0x9b,0x3e,0x3b,0x67,0x1b,0x5f,0x1b,0x5f,0x1b,0x5f,0x1b,0x5f,0x1b,0x5f,0x1b,0x5f,0x1b,0x57,0x1b,0x57,0x1b,0x57,0xfb,0x56,0x1b,0x57,0x1b,0x57,
0xfb,0x56,0xfb,0x56,0xfb,0x56,0xfb,0x56,0xfb,0x56,0xfb,0x56,0xfb,0x56,0xfb,0x56,0xfb,0x56,0xfa,0x56,0xfa,0x56,0xfa,0x56,0xfa,0x56,0xfa,0x56,0xfa,0x56,0xfa,0x56,
0xfa,0x5e,0xfb,0x5e,0xfb,0x5e,0xfb,0x5e,0xfb,0x5e,0xfb,0x5e,0xfb,0x5e,0x1b,0x5f,0xfb,0x5e,0x1b,0x5f,0x1b,0x5f,0x1b,0x5f,0x1b,0x5f,0x1b,0x5f,0x1b,0x5f,0x1b,0x5f,
0x1b,0x5f,0x1b,0x5f,0x1b,0x5f,0x1b,0x5f,0x1b,0x5f,0x1b,0x67,0x3b,0x67,0x9b,0x4e,0xdb,0x04,0xfb,0x04,0xfb,0x04,0xfb,0x04,0x1b,0x05,0x1b,0x05,0xfb,0x04,0xbb,0x25,
0x5c,0x77,0x3c,0x6f,0x3c,0x6f,0x3c,0x6f,0x3c,0x6f,0x3c,0x6f,0x3c,0x6f,0x3c,0x6f,0x3c,0x77,0x5c,0x77,0x5c,0x77,0x5c,0x77,0x5c,0x77,0x5c,0x77,0x5c,0x77,0x5c,0x77,
0x5c,0x77,0x5c,0x77,0x5c,0x77,0x5d,0x77,0x5c,0x77,0x5d,0x7f,0x5d,0x7f,0x5d,0x77,0x5d,0x77,0x5d,0x7f,0x7d,0x7f,0x7d,0x87,0x7d,0x7f,0x7d,0x7f,0x5d,0x7f,0x3c,0x77,
0xde,0x87,0x13,0x3c,0x48,0x00,0x6d,0x01,0x6d,0x01,0x8d,0x01,0xb4,0x02,0xf5,0x02,0x93,0x02,0xaa,0x00,0x14,0x3c,0xde,0x7f,0x3c,0x77,0x5c,0x77,0x5c,0x77,0x5c,0x77,
0x5c,0x77,0x5c,0x77,0x5c,0x77,0x5c,0x77,0x5c,0x77,0x5c,0x77,0x5c,0x77,0x5c,0x77,0x5c,0x77,0x5c,0x6f,0x3c,0x6f,0x5c,0x6f,0x3c,0x6f,0x3c,0x6f,0x3c,0x6f,0x3c,0x6f,
0x3c,0x6f,0x3c,0x6f,0x3c,0x6f,0x3c,0x6f,0x3c,0x67,0x1c,0x67,0x3c,0x6f,0xbc,0x4e,0xdc,0x05,0xdc,0x05,0xbc,0x05,0xbc,0x05,0xbc,0x05,0x9c,0x05,0xfb,0x1d,0x3b,0x67,
0x1b,0x5f,0x1b,0x5f,0x1b,0x5f,0x1b,0x5f,0x1b,0x5f,0x1b,0x5f,0x1b,0x5f,0x1b,0x5f,0x1b,0x5f,0x1b,0x57,0x1b,0x57,0xfb,0x56,0xfb,0x56,0xfb,0x56,0xfb,0x56,0xfb,0x56,
0xfb,0x56,0xfb,0x56,0xfb,0x56,0xfb,0x56,0xfb,0x56,0xfb,0x56,0xfa,0x56,0xfa,0x56,0xfa,0x56,0xfa,0x56,0xfa,0x56,0xfa,0x56,0xfa,0x5e,0xfb,0x5e,0xfb,0x5e,0xfb,0x5e,
0xfb,0x5e,0xfb,0x5e,0xfb,0x5e,0xfb,0x5e,0xfb,0x5e,0x1b,0x5f,0x1b,0x5f,0x1b,0x5f,0x1b,0x5f,0x1b,0x5f,0x1b,0x5f,0x1b,0x5f,0x1b,0x5f,0x1b,0x5f,0x1b,0x5f,0x1b,0x67,
0x1b,0x67,0x1b,0x67,0x3b,0x6f,0x7b,0x46,0xbb,0x04,0xfb,0x04,0xfb,0x04,0xfb,0x04,0x1b,0x05,0x1b,0x05,0xfb,0x04,0xdb,0x25,0x5c,0x77,0x3c,0x6f,0x3c,0x6f,0x3c,0x6f,
0x3c,0x6f,0x5c,0x6f,0x7c,0x77,0x3c,0x6f,0x5c,0x77,0x5c,0x77,0x5c,0x77,0x5c,0x77,0x5c,0x77,0x5c,0x77,0x5c,0x77,0x5c,0x77,0x5c,0x77,0x5c,0x77,0x5c,0x77,0x5c,0x77,
0x5c,0x7f,0x5d,0x77,0x5d,0x7f,0x7d,0x7f,0x7d,0x87,0x5d,0x77,0x5d,0x67,0x5d,0x5f,0x5d,0x67,0x5d,0x7f,0x5d,0x7f,0x5c,0x7f,0xde,0x87,0xf2,0x3b,0x48,0x00,0x8d,0x01,
0x6d,0x01,0x6d,0x01,0xd4,0x02,0xf5,0x02,0xb3,0x02,0xcb,0x00,0xd3,0x33,0xde,0x7f,0x3c,0x77,0x5d,0x77,0x5c,0x77,0x5c,0x77,0x5c,0x77,0x5c,0x77,0x5c,0x77,0x5c,0x77,
0x5c,0x77,0x5c,0x77,0x5c,0x77,0x5c,0x77,0x5c,0x77,0x5c,0x77,0x5c,0x6f,0x5c,0x6f,0x5c,0x6f,0x5c,0x6f,0x3c,0x6f,0x3c,0x6f,0x3c,0x6f,0x3c,0x6f,0x3c,0x6f,0x3c,0x6f,
0x1c,0x67,0x3c,0x67,0x1c,0x67,0x1c,0x67,0x1c,0x0e,0xdc,0x05,0xdc,0x05,0xbc,0x05,0xbc,0x05,0x9b,0x05,0x9b,0x05,0xfb,0x56,0x1b,0x5f,0x1b,0x5f,0x1b,0x5f,0x1b,0x5f,
0x1b,0x5f,0x1b,0x5f,0x1b,0x5f,0x1b,0x5f,0x1b,0x5f,0x1b,0x5f,0x1b,0x5f,0x1b,0x5f,0x1b,0x57,0xfb,0x56,0xfb,0x56,0xfb,0x56,0xfb,0x56,0xfb,0x56,0xfb,0x56,0xfb,0x56,
0xfb,0x56,0xfa,0x56,0xfa,0x56,0xfa,0x56,0xfa,0x56,0xfa,0x56,0xfa,0x56,0xfa,0x56,0xfa,0x5e,0xfa,0x5e,0xfb,0x5e,0x1b,0x5f,0x1b,0x5f,0x1b,0x5f,0x1b,0x5f,0x1b,0x5f,
0x1b,0x5f,0xfb,0x5e,0x1b,0x5f,0x1b,0x5f,0x1b,0x5f,0x1b,0x5f,0x1b,0x5f,0x1b,0x5f,0x1b,0x5f,0x1b,0x67,0x1b,0x67,0x1b,0x67,0x1b,0x67,0x1b,0x67,0x3b,0x6f,0x5b,0x46,
0xbb,0x04,0xfb,0x04,0xdb,0x04,0xfb,0x04,0x1b,0x05,0xfb,0x04,0xfb,0x04,0xbb,0x1d,0x5c,0x77,0x3c,0x6f,0x3c,0x6f,0x3c,0x6f,0x5c,0x6f,0x1c,0x6f,0xbb,0x66,0x9d,0x77,
0x3c,0x77,0x5c,0x77,0x5c,0x77,0x5c,0x77,0x5c,0x77,0x5c,0x77,0x5c,0x77,0x5c,0x77,0x5c,0x77,0x5c,0x77,0x5c,0x7f,0x5c,0x7f,0x5d,0x77,0x7c,0x7f,0x7d,0x7f,0x3d,0x5f,
0x1d,0x2f,0x1e,0x0f,0x1e,0x07,0x1e,0x07,0x1f,0x07,0x3e,0x27,0x5d,0x67,0x5c,0x77,0xde,0x87,0x91,0x33,0x68,0x00,0x8d,0x01,0x6d,0x01,0x8d,0x01,0xd4,0x02,0xd4,0x02,
0xb3,0x02,0xeb,0x00,0x92,0x2b,0xbe,0x7f,0x3c,0x77,0x5d,0x77,0x5d,0x77,0x5c,0x77,0x5c,0x77,0x5c,0x77,0x5c,0x77,0x5c,0x77,0x5c,0x77,0x5c,0x77,0x5c,0x77,0x5c,0x77,
0x5c,0x77,0x5c,0x77,0x5c,0x6f,0x5c,0x6f,0x5c,0x6f,0x5c,0x6f,0x3c,0x6f,0x3c,0x6f,0x3c,0x6f,0x3c,0x6f,0x3c,0x6f,0x3c,0x6f,0x5c,0x6f,0x3c,0x67,0x3c,0x67,0x3b,0x6f,
0x7c,0x36,0xbc,0x05,0xdc,0x05,0xbc,0x05,0xbc,0x05,0x9b,0x05,0x7b,0x05,0x9b,0x3e,0x3b,0x67,0x1b,0x5f,0x1b,0x5f,0x1b,0x5f,0x1b,0x5f,0x1b,0x5f,0x1b,0x5f,0x1b,0x5f,
0x1b,0x5f,0x1b,0x5f,0x1b,0x5f,0x1b,0x5f,0x1b,0x5f,0x1b,0x5f,0x1b,0x5f,0xfb,0x5e,0xfb,0x56,0xfb,0x56,0xfa,0x56,0xfa,0x56,0xfb,0x56,0xfa,0x56,0xfa,0x56,0xfa,0x56,
0xfa,0x56,0xfa,0x56,0xfa,0x56,0xfa,0x56,0xfa,0x5e,0xfa,0x5e,0xfb,0x5e,0xfb,0x5e,0xfb,0x5e,0xfb,0x5e,0x1b,0x5f,0x1b,0x5f,0x1b,0x5f,0x1b,0x5f,0x1b,0x5f,0x1b,0x5f,
0x1b,0x5f,0x1b,0x5f,0x1b,0x5f,0x1b,0x5f,0x1b,0x67,0x1b,0x67,0x1b,0x67,0x1b,0x67,0x1b,0x67,0x1b,0x67,0x5b,0x6f,0x3b,0x3e,0xbb,0x04,0xfb,0x04,0xdb,0x04,0xfb,0x04,
0x3b,0x05,0xfb,0x04,0xfb,0x04,0x9b,0x1d,0x3c,0x6f,0x3c,0x6f,0x3c,0x6f,0x3c,0x6f,0x9d,0x77,0xf3,0x33,0x6d,0x01,0x98,0x55,0xbd,0x7f,0x3c,0x77,0x5c,0x77,0x5c,0x77,
0x5c,0x77,0x5c,0x77,0x5c,0x77,0x5c,0x77,0x5c,0x77,0x5c,0x77,0x5c,0x7f,0x5c,0x77,0x7d,0x87,0x5d,0x6f,0xfd,0x26,0xde,0x06,0xde,0x06,0xfe,0x06,0xfe,0x06,0x1e,0x07,
0x3e,0x27,0x5d,0x57,0x5d,0x77,0x5c,0x77,0xde,0x87,0x10,0x2b,0x69,0x00,0x8e,0x01,0x6d,0x01,0x8e,0x01,0xd4,0x02,0xd4,0x02,0xb3,0x02,0xeb,0x00,0x52,0x2b,0xbe,0x7f,
0x3c,0x77,0x5c,0x77,0x5c,0x77,0x5c,0x77,0x5c,0x77,0x5c,0x77,0x5c,0x77,0x5c,0x77,0x5c,0x77,0x5c,0x77,0x5c,0x77,0x5c,0x77,0x5c,0x77,0x5c,0x77,0x5c,0x6f,0x5c,0x77,
0x5c,0x6f,0x3c,0x6f,0x3c,0x6f,0x3c,0x6f,0x3c,0x6f,0x3c,0x6f,0x1c,0x6f,0x9d,0x77,0x96,0x34,0x13,0x1b,0xfb,0x66,0x5c,0x6f,0xdc,0x56,0xbc,0x05,0xbc,0x05,0xbc,0x05,
0x9c,0x05,0x9b,0x05,0x7b,0x05,0x3b,0x26,0x3b,0x67,0x1b,0x5f,0x1b,0x5f,0x1b,0x5f,0x1b,0x5f,0x1b,0x5f,0x1b,0x5f,0x1b,0x5f,0x1b,0x5f,0x1b,0x5f,0x1b,0x5f,0x1b,0x5f,
0x1b,0x5f,0x1b,0x5f,0x1b,0x5f,0x1b,0x5f,0x1b,0x5f,0xfb,0x5e,0xfb,0x5e,0xfb,0x5e,0xfa,0x5e,0xfa,0x56,0xfa,0x56,0xfa,0x56,0xfa,0x56,0xfa,0x56,0xfa,0x56,0xfa,0x56,
0xfa,0x5e,0xfa,0x5e,0xfa,0x5e,0xfb,0x5e,0x1b,0x5f,0x1b,0x5f,0x1b,0x5f,0x1b,0x5f,0x1b,0x5f,0x1b,0x5f,0x1b,0x5f,0x1b,0x5f,0x1b,0x67,0x1b,0x67,0x1b,0x67,0x1b,0x67,
0x1b,0x67,0x1b,0x67,0x1b,0x67,0x1b,0x67,0x1b,0x67,0x1b,0x67,0x5b,0x6f,0x1b,0x36,0xbb,0x04,0xdb,0x04,0xdb,0x04,0xdb,0x04,0x5b,0x05,0xfb,0x04,0xfb,0x04,0x7b,0x15,
0x3c,0x6f,0x3c,0x6f,0x3c,0x6f,0x7c,0x77,0x7a,0x66,0x6d,0x01,0xce,0x09,0x4d,0x01,0xb8,0x55,0xbd,0x7f,0x3c,0x77,0x5c,0x77,0x5c,0x77,0x5c,0x77,0x5c,0x77,0x5c,0x77,
0x5c,0x7f,0x5c,0x7f,0x5c,0x77,0x7c,0x7f,0x3d,0x5f,0xbd,0x0e,0xbd,0x06,0xde,0x06,0xde,0x06,0xfe,0x06,0xfe,0x06,0x3d,0x4f,0x7c,0x87,0x7c,0x87,0x7d,0x7f,0x5c,0x7f,
0xde,0x87,0xcf,0x2a,0x89,0x00,0x8e,0x01,0x6d,0x01,0x8e,0x01,0xd4,0x02,0xd4,0x02,0xd4,0x02,0x0c,0x01,0x31,0x2b,0xbd,0x7f,0x5c,0x77,0x5d,0x77,0x5c,0x77,0x5c,0x77,
0x5c,0x77,0x5c,0x77,0x5c,0x77,0x5c,0x77,0x5c,0x77,0x5c,0x77,0x5c,0x77,0x5c,0x77,0x5c,0x77,0x5c,0x77,0x5c,0x77,0x5c,0x77,0x5c,0x6f,0x5c,0x6f,0x5c,0x6f,0x3c,0x6f,
0x3c,0x6f,0x1c,0x6f,0x9d,0x77,0x17,0x45,0x11,0x02,0xd0,0x01,0xb6,0x3c,0x9c,0x6f,0x1b,0x67,0xfc,0x15,0xbc,0x05,0xbc,0x05,0x9c,0x05,0x9b,0x05,0x7b,0x05,0xdb,0x15,
0x3b,0x67,0x1b,0x5f,0x1b,0x5f,0x1b,0x5f,0x1b,0x5f,0x1b,0x5f,0x1b,0x5f,0x1b,0x5f,0x1b,0x5f,0x1b,0x5f,0x1b,0x5f,0x1b,0x5f,0x1b,0x5f,0x1b,0x5f,0x1b,0x5f,0x1b,0x5f,
0x1b,0x5f,0x1a,0x5f,0x1a,0x5f,0x1a,0x5f,0x1a,0x5f,0xfa,0x5e,0xfa,0x5e,0xfa,0x5e,0xfa,0x5e,0xfa,0x56,0xfa,0x56,0xfa,0x5e,0x1a,0x5f,0x1a,0x5f,0xfa,0x5e,0x1b,0x5f,
0x1b,0x5f,0x1b,0x5f,0x1b,0x5f,0x1b,0x5f,0x1b,0x5f,0x1b,0x5f,0x1b,0x67,0x1b,0x67,0x1b,0x67,0x1b,0x67,0x1b,0x67,0x1b,0x67,0x1b,0x67,0x1b,0x67,0x1b,0x67,0x1b,0x67,
0x1b,0x67,0x1b,0x67,0x5b,0x6f,0x1b,0x36,0xba,0x04,0xdb,0x04,0xdb,0x04,0xdb,0x04,0x7b,0x0d,0xfb,0x04,0xfb,0x04,0x3b,0x0d,0x1c,0x6f,0x3c,0x6f,0x1b,0x6f,0xbd,0x7f,
0x13,0x3c,0xcb,0x00,0x13,0x2b,0xef,0x09,0x4d,0x01,0x5a,0x66,0xbd,0x7f,0x3c,0x77,0x5c,0x77,0x5c,0x77,0x5c,0x77,0x5c,0x7f,0x5c,0x7f,0x5c,0x77,0x7c,0x7f,0x3c,0x67,
0x7d,0x06,0x9d,0x06,0x9d,0x06,0xbd,0x06,0xbd,0x06,0xde,0x06,0x3d,0x5f,0x7c,0x87,0x5d,0x77,0x5d,0x7f,0x7d,0x7f,0x5c,0x7f,0xbe,0x87,0x8e,0x22,0x89,0x00,0x8e,0x01,
0x6d,0x01,0x8e,0x01,0xd4,0x02,0xd4,0x02,0xd4,0x02,0x2c,0x01,0xd0,0x22,0xbd,0x7f,0x5c,0x77,0x5c,0x77,0x5d,0x77,0x5c,0x77,0x5c,0x77,0x5c,0x77,0x5c,0x77,0x5c,0x77,
0x5c,0x77,0x5c,0x77,0x5c,0x77,0x5c,0x77,0x5c,0x77,0x5c,0x77,0x5c,0x77,0x5c,0x77,0x5c,0x77,0x5c,0x77,0x3c,0x6f,0x5c,0x6f,0x1c,0x6f,0x9d,0x77,0xb9,0x55,0x11,0x02,
0x15,0x03,0x52,0x02,0xd2,0x12,0x3c,0x67,0x3b,0x6f,0x7c,0x2e,0x9c,0x05,0xbc,0x05,0x9c,0x05,0x9b,0x05,0x7b,0x05,0xbb,0x0d,0x1b,0x5f,0x1b,0x67,0x1b,0x5f,0x1b,0x5f,
0x1b,0x5f,0x1b,0x5f,0x1b,0x5f,0x1b,0x5f,0x1b,0x5f,0x1b,0x5f,0x1b,0x5f,0x1b,0x5f,0x1b,0x5f,0x1b,0x5f,0x1b,0x5f,0x1b,0x5f,0x1b,0x5f,0x1a,0x5f,0x1a,0x5f,0x1a,0x5f,
0x1a,0x5f,0x1a,0x5f,0x1a,0x5f,0x1a,0x5f,0xfa,0x5e,0xfa,0x5e,0xfa,0x5e,0xfa,0x5e,0x1a,0x5f,0x1a,0x5f,0x1a,0x5f,0x1a,0x5f,0x1a,0x5f,0x1b,0x5f,0x1b,0x67,0x1b,0x67,
0x1b,0x67,0x1b,0x67,0x1b,0x67,0x1b,0x67,0x1b,0x67,0x1b,0x67,0x1b,0x67,0x1b,0x67,0x1b,0x67,0x1b,0x67,0x1b,0x67,0x1b,0x67,0x1b,0x67,0x1b,0x67,0x5b,0x6f,0x1b,0x36,
0x9a,0x04,0xda,0x04,0xdb,0x04,0xdb,0x04,0x9b,0x0d,0x1b,0x05,0xfb,0x04,0x1b,0x05,0xfc,0x66,0x5c,0x77,0x3c,0x6f,0x3c,0x77,0x0d,0x12,0x0b,0x01,0x30,0x0a,0x16,0x4c,
0x2c,0x01,0xee,0x11,0xbb,0x6e,0x9d,0x7f,0x3c,0x77,0x5c,0x77,0x5c,0x7f,0x5c,0x7f,0x5c,0x7f,0x5c,0x7f,0x5c,0x7f,0x9d,0x16,0x5d,0x06,0x7d,0x06,0x9d,0x06,0x9d,0x06,
0x9d,0x06,0x1d,0x47,0x7c,0x87,0x5d,0x77,0x5d,0x7f,0x5d,0x7f,0x5d,0x7f,0x5c,0x7f,0xbd,0x87,0x4e,0x1a,0xa9,0x00,0xae,0x01,0x6d,0x01,0x8e,0x01,0xd4,0x02,0xd4,0x02,
0xf4,0x02,0x4c,0x01,0x8f,0x1a,0x9d,0x7f,0x5c,0x77,0x5c,0x77,0x5d,0x77,0x5c,0x77,0x5c,0x77,0x5c,0x77,0x5c,0x77,0x5c,0x77,0x5c,0x77,0x5c,0x77,0x5c,0x77,0x5c,0x77,
0x5c,0x77,0x5c,0x77,0x5c,0x77,0x5c,0x77,0x5c,0x77,0x5c,0x77,0x5c,0x6f,0x3c,0x6f,0x9d,0x77,0x5a,0x5e,0x10,0x02,0xb4,0x02,0x57,0x03,0x92,0x02,0xcf,0x01,0x39,0x56,
0x7c,0x6f,0xbb,0x4e,0xbc,0x05,0xbc,0x05,0x9b,0x05,0x9b,0x05,0x9b,0x05,0x9b,0x05,0xfb,0x56,0x3b,0x67,0x1b,0x5f,0x1b,0x67,0x1b,0x67,0x1b,0x5f,0x1b,0x5f,0x1b,0x5f,
0x1b,0x5f,0x1b,0x5f,0x1b,0x5f,0x1b,0x5f,0x1b,0x5f,0x1b,0x5f,0x1b,0x5f,0x1a,0x5f,0x1a,0x5f,0x1a,0x5f,0x1a,0x5f,0x1a,0x5f,0x1a,0x5f,0x1a,0x5f,0x1a,0x5f,0x1a,0x5f,
0x1a,0x5f,0x1a,0x5f,0x1a,0x5f,0x1a,0x5f,0x1a,0x5f,0x1a,0x5f,0x1a,0x5f,0x1a,0x5f,0x1a,0x5f,0x1b,0x67,0x1b,0x67,0x1b,0x67,0x1b,0x67,0x1b,0x67,0x1b,0x67,0x1b,0x67,
0x1b,0x67,0x1b,0x67,0x1b,0x67,0x1b,0x67,0x1b,0x67,0x1b,0x67,0x1b,0x67,0x1b,0x67,0x1b,0x67,0x1b,0x67,0x5b,0x6f,0x3b,0x3e,0x9a,0x04,0xda,0x04,0xda,0x04,0xba,0x04,
0x9b,0x15,0x3b,0x0d,0xfb,0x04,0xfb,0x04,0xbc,0x56,0x5c,0x77,0x7d,0x77,0xf8,0x5d,0xca,0x00,0x6c,0x01,0x2c,0x01,0xb5,0x3b,0xf5,0x4b,0xcb,0x00,0x2f,0x12,0xfb,0x76,
0x9d,0x7f,0x3c,0x77,0x5c,0x7f,0x5c,0x7f,0x5c,0x77,0x7c,0x87,0x1c,0x57,0x3c,0x06,0x5c,0x06,0x7c,0x06,0x7d,0x06,0x7d,0x06,0xdd,0x26,0x7c,0x87,0x5c,0x77,0x5c,0x7f,
0x5c,0x7f,0x5c,0x7f,0x5c,0x7f,0x5c,0x7f,0x9d,0x7f,0x0d,0x1a,0xca,0x00,0xae,0x01,0x6d,0x01,0x8e,0x01,0xd4,0x02,0xd4,0x02,0xf5,0x02,0x6d,0x01,0x4f,0x1a,0x7d,0x7f,
0x5c,0x77,0x5c,0x77,0x5c,0x77,0x5d,0x77,0x5c,0x77,0x5c,0x77,0x5c,0x77,0x5c,0x77,0x5c,0x77,0x5c,0x77,0x5c,0x77,0x5c,0x77,0x5c,0x77,0x5c,0x77,0x5c,0x77,0x5c,0x77,
0x5c,0x77,0x5c,0x77,0x3c,0x6f,0x7c,0x77,0xdb,0x6e,0x51,0x0a,0x52,0x02,0x36,0x03,0x36,0x03,0x93,0x02,0x8e,0x01,0x75,0x34,0x9c,0x77,0xfb,0x5e,0xbc,0x05,0xbc,0x05,
0x9b,0x05,0x9b,0x05,0x9b,0x05,0x7b,0x05,0xdb,0x56,0x3b,0x67,0x1b,0x67,0x1b,0x67,0x1b,0x67,0x1b,0x5f,0x1b,0x5f,0x1b,0x5f,0x1b,0x5f,0x1b,0x5f,0x1b,0x5f,0x1b,0x5f,
0x1b,0x5f,0x1b,0x5f,0x1a,0x5f,0x1a,0x5f,0x1a,0x5f,0x1a,0x5f,0x1a,0x5f,0x1a,0x5f,0x1a,0x5f,0x1a,0x5f,0x1a,0x5f,0x1a,0x5f,0x1a,0x5f,0x1a,0x5f,0x1a,0x5f,0xfa,0x5e,
0x1a,0x67,0x1a,0x67,0x1a,0x67,0x1a,0x67,0x1a,0x67,0x1a,0x67,0x1a,0x67,0x1a,0x67,0x1a,0x67,0x1b,0x67,0x1b,0x67,0x1b,0x67,0x1b,0x67,0x1b,0x67,0x1b,0x67,0x1b,0x67,
0x1b,0x67,0x1b,0x67,0x1b,0x67,0x1b,0x67,0x1b,0x67,0x1b,0x67,0x5b,0x6f,0x5b,0x46,0x9a,0x04,0xda,0x04,0xba,0x04,0xba,0x04,0x9b,0x15,0x7b,0x15,0xdb,0x04,0xfb,0x04,
0x7b,0x4e,0x5b,0x77,0xbd,0x77,0x13,0x3c,0x69,0x00,0x4c,0x01,0x6d,0x01,0x8e,0x01,0xd9,0x5c,0x94,0x3b,0xaa,0x00,0x4f,0x1a,0x1c,0x77,0x9d,0x7f,0x5c,0x77,0x5c,0x7f,
0x5c,0x7f,0x7c,0x87,0xbc,0x2e,0x3c,0x06,0x5c,0x06,0x5c,0x06,0x7c,0x06,0x7d,0x06,0x3d,0x67,0x7c,0x87,0x5c,0x7f,0x5c,0x7f,0x5c,0x7f,0x5d,0x7f,0x5c,0x7f,0x7d,0x7f,
0x5c,0x7f,0xcc,0x11,0xca,0x00,0xae,0x01,0x6d,0x01,0x8e,0x01,0xd4,0x02,0xd4,0x02,0x15,0x03,0x8e,0x01,0x2e,0x12,0x5d,0x7f,0x7d,0x7f,0x5c,0x77,0x5c,0x77,0x5c,0x77,
0x5c,0x77,0x5c,0x77,0x5c,0x77,0x5d,0x77,0x5c,0x77,0x5c,0x77,0x5c,0x77,0x5c,0x77,0x5c,0x77,0x5c,0x77,0x5c,0x77,0x5c,0x77,0x5c,0x77,0x3c,0x77,0x7c,0x77,0x3c,0x6f,
0x91,0x1a,0x11,0x02,0x36,0x03,0xf5,0x02,0x15,0x03,0x92,0x02,0xae,0x01,0xf2,0x1a,0x5c,0x6f,0x1b,0x67,0xfc,0x0d,0x9c,0x05,0x9b,0x05,0x9b,0x05,0x9b,0x05,0x7b,0x05,
0xdb,0x56,0x3b,0x67,0x1b,0x67,0x1b,0x67,0x1b,0x67,0x1b,0x67,0x1b,0x67,0x1b,0x5f,0x1b,0x67,0x1b,0x5f,0x1b,0x5f,0x1b,0x5f,0x1b,0x5f,0x1b,0x5f,0x1a,0x5f,0x1a,0x5f,
0x1a,0x5f,0x1a,0x5f,0x1a,0x5f,0x1a,0x5f,0x1a,0x5f,0x1a,0x5f,0x1a,0x5f,0x1a,0x5f,0x1a,0x5f,0x1a,0x5f,0x1a,0x5f,0x1a,0x5f,0x1a,0x67,0x1a,0x67,0x1a,0x67,0x1a,0x67,
0x1a,0x67,0x1a,0x67,0x1a,0x67,0x1a,0x67,0x1a,0x67,0x1b,0x67,0x1b,0x67,0x1b,0x67,0x1b,0x67,0x1b,0x67,0x1b,0x67,0x1b,0x67,0x1b,0x67,0x1b,0x67,0x1b,0x67,0x1b,0x67,
0x1b,0x67,0x1b,0x67,0x3b,0x6f,0x9b,0x56,0xba,0x04,0xba,0x04,0xba,0x04,0xba,0x04,0x7b,0x15,0xbb,0x1d,0xdb,0x04,0xfb,0x04,0xbb,0x56,0x5b,0x77,0x9d,0x77,0x8e,0x22,
0x89,0x00,0x2b,0x01,0x4c,0x01,0x8e,0x01,0xf0,0x09,0x3a,0x6d,0x94,0x43,0x6a,0x00,0x6f,0x1a,0x3c,0x77,0x9d,0x7f,0x5c,0x77,0x5c,0x7f,0x7c,0x7f,0x7c,0x1e,0x3c,0x06,
0x3c,0x06,0x5c,0x06,0x5c,0x06,0x9d,0x0e,0x5d,0x77,0x5c,0x7f,0x5c,0x7f,0x5c,0x7f,0x5c,0x7f,0x7c,0x7f,0x5c,0x7f,0x7d,0x7f,0x3c,0x7f,0x8b,0x11,0xeb,0x00,0xae,0x01,
0x6d,0x01,0x8e,0x01,0xd4,0x02,0xd4,0x02,0x15,0x03,0xae,0x01,0xee,0x11,0x3c,0x77,0x7d,0x7f,0x5d,0x7f,0x5d,0x77,0x5c,0x77,0x5c,0x77,0x5c,0x77,0x5c,0x77,0x5c,0x77,
0x5c,0x77,0x5c,0x77,0x5c,0x77,0x5c,0x77,0x5c,0x77,0x5c,0x77,0x5c,0x77,0x5c,0x77,0x3c,0x77,0x7d,0x77,0x3c,0x77,0xb0,0x1a,0xcf,0x01,0x15,0x03,0xf5,0x02,0xf5,0x02,
0xf5,0x02,0x92,0x02,0xcf,0x01,0xef,0x01,0x7a,0x5e,0x7c,0x6f,0x1c,0x1e,0x9c,0x05,0x9b,0x05,0x9b,0x05,0x7b,0x05,0x7b,0x05,0xdb,0x56,0x3b,0x67,0x1b,0x67,0x1b,0x67,
0x1b,0x67,0x1b,0x67,0x1b,0x67,0x1b,0x67,0x1b,0x67,0x1b,0x67,0x1b,0x67,0x1a,0x5f,0x1a,0x5f,0x1b,0x5f,0x1a,0x5f,0x1a,0x5f,0x1a,0x5f,0x1a,0x5f,0x1a,0x5f,0x1a,0x5f,
0x1a,0x5f,0x1a,0x5f,0x1a,0x5f,0x1a,0x5f,0x1a,0x5f,0x1a,0x5f,0x1a,0x5f,0x1a,0x5f,0x1a,0x67,0x1a,0x67,0x1a,0x67,0x1a,0x67,0x1a,0x67,0x1a,0x67,0x1a,0x67,0x1a,0x67,
0x1a,0x67,0x1b,0x67,0x1b,0x67,0x1b,0x67,0x1b,0x67,0x1b,0x67,0x1b,0x67,0x1b,0x67,0x1b,0x67,0x1b,0x67,0x1b,0x67,0x3b,0x67,0x3b,0x6f,0x1b,0x67,0x3b,0x6f,0xdb,0x5e,
0xba,0x04,0xba,0x04,0xba,0x04,0xba,0x04,0x3b,0x0d,0x1b,0x2e,0xdb,0x04,0xfb,0x04,0xdb,0x5e,0x5c,0x77,0xfb,0x6e,0x8b,0x09,0xca,0x00,0x2b,0x01,0x2c,0x01,0x8d,0x01,
0x8e,0x01,0xcf,0x09,0xd8,0x64,0x94,0x4b,0x69,0x00,0x6f,0x1a,0x3c,0x7f,0x9d,0x7f,0x5c,0x7f,0x7c,0x7f,0x5c,0x1e,0x1c,0x06,0x3c,0x06,0x3c,0x06,0x3c,0x06,0x9c,0x16,
0x5c,0x7f,0x5c,0x7f,0x5c,0x7f,0x5c,0x7f,0x5c,0x7f,0x7c,0x7f,0x5c,0x7f,0x7d,0x7f,0x1b,0x77,0x4b,0x09,0x0b,0x01,0xae,0x01,0x6d,0x01,0x8e,0x01,0xd4,0x02,0xd4,0x02,
0x15,0x03,0xcf,0x01,0xad,0x09,0x1c,0x77,0x7d,0x7f,0x5c,0x7f,0x5d,0x7f,0x5c,0x77,0x5c,0x77,0x5c,0x77,0x5c,0x77,0x5c,0x77,0x5c,0x77,0x5c,0x77,0x5c,0x77,0x5c,0x77,
0x5c,0x77,0x5c,0x77,0x5c,0x77,0x3c,0x77,0x9d,0x77,0x1c,0x77,0x8f,0x1a,0x6e,0x01,0x15,0x03,0xf4,0x02,0xd4,0x02,0xd4,0x02,0xd4,0x02,0x72,0x02,0xef,0x01,0x8e,0x01,
0x77,0x4d,0x9c,0x77,0x3b,0x2e,0x9c,0x05,0x9b,0x05,0x7b,0x05,0x7b,0x05,0x7b,0x05,0xdb,0x56,0x3b,0x67,0x1b,0x67,0x1b,0x67,0x1b,0x67,0x3b,0x67,0x1b,0x67,0x1b,0x67,
0x1b,0x67,0x1b,0x67,0x1b,0x67,0x1b,0x67,0x1a,0x67,0x1a,0x67,0x1a,0x5f,0x1a,0x5f,0x1a,0x5f,0x1a,0x5f,0x1a,0x5f,0x1a,0x5f,0x1a,0x5f,0x1a,0x5f,0x1a,0x5f,0x1a,0x5f,
0x1a,0x5f,0x1a,0x5f,0x1a,0x5f,0x1a,0x5f,0x1a,0x67,0x1a,0x67,0x1a,0x67,0x1a,0x67,0x1a,0x67,0x1a,0x67,0x1a,0x67,0x1a,0x67,0x1a,0x67,0x1b,0x67,0x1b,0x67,0x1b,0x67,
0x1b,0x67,0x1b,0x67,0x1b,0x67,0x1b,0x67,0x3b,0x6f,0x1b,0x67,0x3b,0x67,0x3b,0x6f,0x3b,0x6f,0x3b,0x6f,0x3b,0x6f,0x1b,0x67,0xfa,0x0c,0xba,0x04,0xba,0x04,0xba,0x04,
0xda,0x04,0x5b,0x36,0xfb,0x04,0xfb,0x04,0xdb,0x5e,0x7c,0x77,0x59,0x66,0xea,0x00,0xea,0x00,0x0b,0x01,0x2b,0x01,0x4c,0x01,0xae,0x01,0x8e,0x01,0x6e,0x01,0xd5,0x4b,
0x73,0x43,0x89,0x00,0x4f,0x1a,0x3c,0x7f,0x9d,0x7f,0x5c,0x87,0x7c,0x26,0x1c,0x06,0x3c,0x06,0x3c,0x06,0x3c,0x06,0x5c,0x06,0x5c,0x77,0x7c,0x7f,0x5c,0x7f,0x5c,0x7f,
0x7c,0x7f,0x7c,0x7f,0x5c,0x7f,0x9d,0x7f,0xdb,0x76,0x0a,0x01,0x2c,0x01,0xae,0x01,0x6d,0x01,0x8e,0x01,0xd4,0x02,0xd4,0x02,0x15,0x03,0xef,0x01,0x8d,0x01,0xdb,0x76,
0x9d,0x7f,0x5c,0x77,0x5c,0x7f,0x5c,0x77,0x5c,0x77,0x5c,0x77,0x5c,0x77,0x5c,0x77,0x5c,0x77,0x5c,0x77,0x5c,0x77,0x5c,0x77,0x5c,0x77,0x5c,0x77,0x3c,0x77,0x9d,0x7f,
0xfb,0x6e,0x2e,0x12,0x4d,0x01,0xf4,0x02,0xd4,0x02,0xb4,0x02,0xb4,0x02,0xb3,0x02,0x93,0x02,0x72,0x02,0xcf,0x01,0x4d,0x01,0x75,0x3c,0xbc,0x7f,0x5b,0x36,0x7c,0x05,
0x9b,0x05,0x7b,0x05,0x7b,0x05,0x7b,0x05,0xfb,0x5e,0x3b,0x6f,0x1b,0x67,0x1b,0x67,0x1b,0x67,0x1b,0x67,0x1b,0x67,0x1b,0x67,0x1b,0x67,0x1b,0x67,0x1b,0x67,0x1b,0x67,
0x1a,0x67,0x1a,0x67,0x1a,0x67,0x1a,0x67,0x1a,0x67,0x1a,0x67,0x1a,0x67,0x1a,0x5f,0x1a,0x67,0x1a,0x67,0x1a,0x5f,0x1a,0x5f,0x1a,0x5f,0x1a,0x5f,0x1a,0x5f,0x1a,0x5f,
0x1a,0x67,0x1a,0x67,0x1a,0x67,0x1a,0x67,0x1a,0x67,0x1a,0x67,0x1a,0x67,0x1a,0x67,0x1a,0x67,0x1a,0x67,0x1a,0x67,0x1b,0x67,0x1b,0x67,0x1a,0x67,0x1b,0x67,0x3b,0x6f,
0x3b,0x6f,0x3b,0x6f,0x3b,0x6f,0x3b,0x6f,0x3b,0x6f,0x3b,0x6f,0x3b,0x6f,0x5b,0x77,0x5a,0x1d,0x9a,0x04,0xba,0x04,0xba,0x04,0xba,0x04,0x3b,0x3e,0x7b,0x1d,0xdb,0x04,
0xdb,0x66,0x9c,0x77,0xb7,0x55,0xa9,0x00,0x0a,0x01,0x0b,0x01,0x0b,0x01,0x0b,0x01,0xae,0x01,0xae,0x01,0xae,0x01,0x4d,0x01,0xb1,0x22,0xb1,0x22,0xca,0x00,0x2e,0x1a,
0xfb,0x76,0xbd,0x8f,0xbc,0x46,0xfb,0x05,0x1c,0x06,0x1c,0x06,0x3c,0x06,0x1c,0x06,0xfc,0x4e,0x7c,0x87,0x5c,0x7f,0x5c,0x7f,0x5c,0x7f,0x7c,0x7f,0x5c,0x7f,0x9d,0x7f,
0x7a,0x6e,0xc9,0x00,0x4c,0x01,0xae,0x01,0x6d,0x01,0x8e,0x01,0xd4,0x02,0xd4,0x02,0x15,0x03,0x10,0x02,0x4c,0x01,0x9b,0x6e,0x9d,0x7f,0x5c,0x7f,0x5c,0x7f,0x5c,0x7f,
0x5c,0x77,0x5c,0x77,0x5c,0x77,0x5c,0x77,0x5c,0x77,0x5c,0x77,0x5c,0x77,0x5c,0x77,0x5c,0x77,0x3c,0x77,0xbd,0x7f,0xbb,0x6e,0xcd,0x11,0x2c,0x01,0xb3,0x02,0x93,0x02,
0x72,0x02,0x72,0x02,0x72,0x02,0x52,0x02,0x10,0x02,0x51,0x02,0xce,0x01,0x4d,0x01,0xb3,0x2b,0xbc,0x7f,0x7b,0x3e,0x7c,0x05,0x9b,0x05,0x7b,0x05,0x7b,0x05,0x7b,0x05,
0x1b,0x5f,0x3b,0x67,0x3b,0x67,0x3b,0x67,0x1b,0x67,0x1b,0x67,0x1b,0x67,0x1b,0x67,0x1b,0x67,0x1b,0x67,0x1a,0x67,0x1a,0x67,0x1a,0x67,0x1a,0x67,0x1a,0x67,0x1a,0x67,
0x1a,0x67,0x1a,0x67,0x1a,0x67,0x1a,0x67,0x1a,0x67,0x1a,0x67,0x1a,0x67,0x1a,0x67,0x1a,0x67,0x1a,0x67,0x1a,0x5f,0x1a,0x5f,0x1a,0x67,0x1a,0x67,0x1a,0x67,0x1a,0x67,
0x1a,0x67,0x1a,0x67,0x1a,0x67,0x1a,0x67,0x1a,0x67,0x1a,0x67,0x1a,0x67,0x1a,0x67,0x1a,0x67,0x1a,0x67,0x3a,0x6f,0x3b,0x6f,0x3b,0x6f,0x3b,0x6f,0x3b,0x6f,0x3b,0x6f,
0x3b,0x6f,0x3b,0x6f,0x1b,0x6f,0x5b,0x77,0xda,0x2d,0x7a,0x04,0xba,0x04,0xba,0x04,0x9a,0x04,0xbb,0x2d,0x1b,0x36,0xba,0x04,0xdb,0x5e,0xbd,0x7f,0x56,0x55,0x89,0x00,
0x0a,0x01,0x0b,0x01,0x2b,0x01,0xea,0x00,0x6d,0x01,0xaf,0x01,0xae,0x01,0xcf,0x01,0x6e,0x01,0xef,0x01,0xef,0x01,0xcb,0x00,0xed,0x11,0xdb,0x76,0x9d,0x77,0xfb,0x05,
0x1b,0x06,0x1b,0x06,0x1c,0x06,0x1c,0x06,0x5c,0x16,0x5c,0x7f,0x5c,0x7f,0x5c,0x7f,0x7c,0x7f,0x7c,0x7f,0x5c,0x7f,0xbd,0x87,0x19,0x66,0xa9,0x00,0x6d,0x01,0xae,0x01,
0x6d,0x01,0x8e,0x01,0xd4,0x02,0xd4,0x02,0x15,0x03,0x31,0x02,0x2c,0x01,0x5a,0x66,0xbd,0x7f,0x5c,0x77,0x7c,0x7f,0x5c,0x77,0x5c,0x77,0x5c,0x77,0x5c,0x77,0x5c,0x77,
0x5c,0x77,0x5c,0x77,0x5c,0x77,0x5c,0x77,0x5c,0x77,0xbd,0x7f,0xba,0x6e,0xad,0x11,0x2c,0x01,0x92,0x02,0x72,0x02,0x72,0x02,0x52,0x02,0x52,0x02,0x72,0x02,0x10,0x02,
0x8e,0x01,0x30,0x02,0xae,0x01,0x4d,0x01,0x32,0x23,0x9c,0x7f,0x9b,0x46,0x7c,0x05,0x9b,0x05,0x7b,0x05,0x5b,0x05,0x9b,0x0d,0x1b,0x67,0x3b,0x67,0x3b,0x67,0x3b,0x67,
0x3b,0x67,0x3b,0x67,0x1b,0x67,0x1b,0x67,0x1b,0x67,0x1a,0x67,0x1a,0x67,0x1a,0x67,0x1a,0x67,0x1a,0x67,0x1a,0x67,0x1a,0x67,0x1a,0x67,0x1a,0x67,0x1a,0x67,0x1a,0x67,
0x1a,0x67,0x1a,0x67,0x1a,0x67,0x1a,0x67,0x1a,0x67,0x1a,0x67,0x1a,0x67,0x1a,0x67,0x1a,0x67,0x1a,0x67,0x1a,0x67,0x1a,0x67,0x1a,0x67,0x1a,0x67,0x1a,0x67,0x1a,0x67,
0x1a,0x6f,0x1a,0x6f,0x1a,0x6f,0x3a,0x6f,0x1a,0x6f,0x3a,0x6f,0x3a,0x6f,0x3b,0x6f,0x3b,0x6f,0x3b,0x6f,0x3b,0x6f,0x3b,0x6f,0x3b,0x6f,0x3b,0x6f,0x3b,0x6f,0x5b,0x77,
0x5a,0x4e,0x7a,0x04,0xba,0x04,0xba,0x04,0x9a,0x04,0x1a,0x0d,0xbb,0x4e,0xda,0x04,0x9b,0x56,0xbd,0x7f,0x36,0x4d,0x89,0x00,0x0a,0x01,0x0b,0x01,0x2b,0x01,0xea,0x00,
0x4c,0x01,0xcf,0x01,0xae,0x01,0x8e,0x01,0x8d,0x01,0x6d,0x01,0x8d,0x01,0x8d,0x01,0xeb,0x00,0xad,0x09,0xda,0x76,0xfc,0x46,0xdb,0x05,0x1b,0x06,0x1b,0x06,0x1c,0x06,
0x1b,0x06,0xbc,0x2e,0x7c,0x87,0x5c,0x7f,0x7c,0x7f,0x7c,0x7f,0x5c,0x7f,0xdd,0x87,0xb7,0x5d,0x88,0x00,0x6d,0x01,0xae,0x01,0x8d,0x01,0x8e,0x01,0xd4,0x02,0xd4,0x02,
0xf5,0x02,0x51,0x02,0x0b,0x01,0xf9,0x5d,0xbd,0x7f,0x5c,0x77,0x5c,0x7f,0x7c,0x7f,0x5c,0x77,0x5c,0x77,0x5c,0x77,0x5c,0x77,0x5c,0x77,0x5c,0x77,0x5c,0x77,0x5c,0x77,
0x7d,0x7f,0xdb,0x6e,0xcd,0x11,0x0b,0x01,0x30,0x02,0x30,0x02,0x10,0x02,0x31,0x02,0x52,0x02,0x52,0x02,0x72,0x02,0xae,0x01,0x6d,0x01,0xef,0x01,0x8e,0x01,0x4d,0x01,
0xd1,0x1a,0x9c,0x77,0xbb,0x4e,0x7c,0x05,0x9b,0x05,0x7b,0x05,0x5b,0x05,0xdb,0x1d,0x3b,0x6f,0x3b,0x67,0x3b,0x67,0x3b,0x67,0x3b,0x67,0x1b,0x67,0x3b,0x67,0x1a,0x67,
0x1a,0x67,0x1a,0x67,0x1a,0x67,0x3a,0x67,0x1a,0x67,0x1a,0x67,0x1a,0x67,0x1a,0x67,0x1a,0x67,0x1a,0x67,0x1a,0x67,0x1a,0x67,0x1a,0x67,0x1a,0x67,0x1a,0x67,0x1a,0x67,
0x1a,0x67,0x1a,0x67,0x1a,0x67,0x1a,0x67,0x1a,0x67,0x1a,0x67,0x1a,0x67,0x1a,0x67,0x1a,0x67,0x1a,0x6f,0x1a,0x6f,0x1a,0x6f,0x3a,0x6f,0x1a,0x6f,0x1a,0x6f,0x1a,0x6f,
0x1a,0x6f,0x3a,0x6f,0x3a,0x6f,0x3a,0x6f,0x3a,0x6f,0x3b,0x6f,0x3b,0x6f,0x3b,0x6f,0x3b,0x6f,0x3b,0x6f,0x3b,0x6f,0x5b,0x6f,0xfb,0x66,0xba,0x04,0x9a,0x04,0x9a,0x04,
0xba,0x04,0x9a,0x04,0x9b,0x4e,0x9b,0x1d,0x5b,0x4e,0xbc,0x7f,0x56,0x55,0x89,0x00,0x0a,0x01,0xea,0x00,0x0b,0x01,0xea,0x00,0x0b,0x01,0xcf,0x01,0xae,0x01,0x0b,0x01,
0xea,0x00,0xea,0x00,0xaa,0x00,0x89,0x00,0xaa,0x00,0x28,0x00,0x56,0x55,0xdd,0x87,0x5b,0x26,0xdb,0x05,0x1b,0x06,0x1b,0x06,0x1b,0x06,0x1b,0x06,0xbc,0x2e,0x7c,0x7f,
0x7c,0x7f,0x7c,0x7f,0x5c,0x7f,0xde,0x87,0x36,0x55,0x68,0x00,0x8e,0x01,0xae,0x01,0x8d,0x01,0x8e,0x01,0xd4,0x02,0xd4,0x02,0xf5,0x02,0x72,0x02,0xeb,0x00,0x77,0x55,
0xdd,0x87,0x5c,0x77,0x7c,0x7f,0x7c,0x7f,0x5c,0x7f,0x5c,0x77,0x7c,0x77,0x5c,0x77,0x5c,0x77,0x5c,0x77,0x5c,0x77,0x5c,0x77,0xdd,0x7f,0x16,0x4d,0x08,0x00,0xca,0x00,
0x89,0x00,0x8a,0x00,0x0b,0x01,0x2c,0x01,0xef,0x01,0x72,0x02,0x51,0x02,0x4c,0x01,0x6d,0x01,0xae,0x01,0x8d,0x01,0x2c,0x01,0xd0,0x1a,0x9c,0x7f,0x9b,0x4e,0x7c,0x05,
0x9b,0x05,0x7b,0x05,0x3b,0x05,0x1b,0x2e,0x5b,0x77,0x3b,0x67,0x3b,0x67,0x3b,0x67,0x3b,0x67,0x3a,0x67,0x3b,0x67,0x3a,0x67,0x3a,0x67,0x1a,0x67,0x1a,0x67,0x3a,0x67,
0x3a,0x67,0x1a,0x67,0x1a,0x67,0x1a,0x67,0x1a,0x67,0x1a,0x67,0x1a,0x67,0x1a,0x67,0x1a,0x67,0x1a,0x67,0x1a,0x67,0x1a,0x67,0x1a,0x67,0x1a,0x67,0x1a,0x67,0x1a,0x67,
0x1a,0x67,0x1a,0x67,0x1a,0x67,0x1a,0x67,0x1a,0x6f,0x1a,0x6f,0x1a,0x6f,0x1a,0x6f,0x3a,0x6f,0x3a,0x6f,0x3a,0x6f,0x3a,0x6f,0x3a,0x6f,0x3a,0x6f,0x3a,0x6f,0x3a,0x6f,
0x3a,0x6f,0x3b,0x6f,0x3a,0x6f,0x3b,0x6f,0x3b,0x6f,0x3b,0x6f,0x3b,0x6f,0x3b,0x6f,0x5b,0x77,0x3a,0x1d,0x7a,0x04,0x9a,0x04,0xba,0x04,0x7a,0x04,0xba,0x2d,0x7b,0x46,
0xfb,0x3d,0xbc,0x7f,0xd7,0x55,0xa9,0x00,0xea,0x00,0xea,0x00,0xea,0x00,0xea,0x00,0xea,0x00,0x8d,0x01,0xf0,0x01,0x2b,0x01,0xea,0x00,0xca,0x00,0xed,0x11,0x10,0x2b,
0x71,0x33,0x36,0x55,0x7c,0x7f,0x7c,0x7f,0x5c,0x7f,0x5b,0x2e,0xdb,0x05,0xfb,0x05,0x1b,0x06,0x1b,0x06,0xfb,0x05,0xbc,0x2e,0x7c,0x7f,0x7c,0x7f,0x5c,0x7f,0xfe,0x87,
0x94,0x4c,0x68,0x00,0xae,0x01,0xae,0x01,0x8d,0x01,0x8e,0x01,0xd4,0x02,0xd4,0x02,0xf5,0x02,0x92,0x02,0xeb,0x00,0xf6,0x4c,0xde,0x87,0x5c,0x77,0x7c,0x7f,0x5c,0x7f,
0x5c,0x7f,0x7c,0x7f,0x7c,0x7f,0x5c,0x77,0x5c,0x77,0x5c,0x77,0x5c,0x77,0x5c,0x77,0x7c,0x7f,0x3c,0x77,0xb5,0x4c,0xd2,0x33,0x33,0x3c,0xb2,0x33,0x4c,0x01,0x2b,0x01,
0xf0,0x01,0x92,0x02,0xef,0x01,0x2c,0x01,0x6c,0x01,0x6d,0x01,0x6d,0x01,0x0c,0x01,0xf1,0x22,0xbc,0x7f,0x9b,0x46,0x7c,0x05,0x7b,0x05,0x7b,0x05,0x3b,0x05,0x7b,0x3e,
0x5b,0x77,0x3b,0x67,0x3b,0x6f,0x3a,0x6f,0x3a,0x67,0x3a,0x67,0x3a,0x67,0x3a,0x67,0x3a,0x67,0x3a,0x67,0x3a,0x67,0x1a,0x67,0x3a,0x67,0x1a,0x67,0x1a,0x67,0x1a,0x67,
0x1a,0x67,0x1a,0x67,0x1a,0x67,0x1a,0x67,0x1a,0x67,0x1a,0x67,0x1a,0x67,0x1a,0x67,0x1a,0x67,0x1a,0x67,0x1a,0x67,0x1a,0x67,0x1a,0x6f,0x1a,0x6f,0x1a,0x6f,0x1a,0x6f,
0x1a,0x6f,0x1a,0x6f,0x3a,0x6f,0x1a,0x6f,0x3a,0x6f,0x3a,0x6f,0x3a,0x6f,0x3a,0x6f,0x3a,0x6f,0x3a,0x6f,0x3a,0x6f,0x3a,0x6f,0x3a,0x6f,0x3a,0x6f,0x3a,0x6f,0x3a,0x6f,
0x3b,0x6f,0x3b,0x6f,0x3b,0x6f,0x3b,0x6f,0x7b,0x77,0xfa,0x3d,0x79,0x04,0xba,0x04,0x9a,0x04,0xba,0x04,0xba,0x04,0xbb,0x56,0x7b,0x4e,0x5c,0x77,0x79,0x66,0x0a,0x01,
0xea,0x00,0xea,0x00,0x0b,0x01,0xea,0x00,0xca,0x00,0x0b,0x01,0x10,0x02,0xae,0x01,0x0a,0x01,0x89,0x00,0x56,0x55,0xfe,0x8f,0xdd,0x87,0xdd,0x87,0x7c,0x7f,0x7c,0x7f,
0x7c,0x7f,0x7c,0x87,0xdc,0x56,0x1b,0x0e,0xdb,0x05,0xfb,0x05,0xfb,0x05,0xfb,0x05,0x9c,0x2e,0x7c,0x7f,0x5c,0x7f,0xde,0x87,0xd2,0x3b,0x69,0x00,0xae,0x01,0xae,0x01,
0x8e,0x01,0x8e,0x01,0xd4,0x02,0xd4,0x02,0xf5,0x02,0xb3,0x02,0xeb,0x00,0x55,0x44,0xde,0x87,0x5c,0x77,0x7c,0x7f,0x7c,0x7f,0x7c,0x7f,0x5c,0x7f,0x5c,0x77,0x5c,0x77,
0x5c,0x77,0x5c,0x77,0x5c,0x77,0x5c,0x77,0x5c,0x77,0x7c,0x77,0xdd,0x7f,0xdd,0x7f,0xfe,0x87,0x59,0x66,0x2c,0x01,0xae,0x01,0x72,0x02,0x72,0x02,0x6d,0x01,0x2c,0x01,
0x4c,0x01,0x4c,0x01,0x6c,0x01,0xeb,0x00,0xb2,0x2b,0xdc,0x7f,0x7b,0x46,0x7b,0x05,0x7b,0x05,0x7b,0x05,0x5b,0x05,0xdb,0x56,0x5b,0x6f,0x3b,0x6f,0x3b,0x6f,0x3a,0x6f,
0x3a,0x6f,0x3a,0x6f,0x3a,0x6f,0x3a,0x6f,0x3a,0x6f,0x3a,0x67,0x3a,0x67,0x3a,0x67,0x3a,0x67,0x3a,0x67,0x3a,0x67,0x1a,0x67,0x1a,0x67,0x1a,0x67,0x1a,0x67,0x1a,0x67,
0x1a,0x67,0x1a,0x67,0x1a,0x67,0x1a,0x67,0x1a,0x67,0x1a,0x67,0x1a,0x67,0x1a,0x67,0x1a,0x6f,0x1a,0x6f,0x1a,0x6f,0x1a,0x6f,0x1a,0x6f,0x3a,0x6f,0x3a,0x6f,0x3a,0x6f,
0x3a,0x6f,0x3a,0x6f,0x3a,0x6f,0x3a,0x6f,0x3a,0x6f,0x3a,0x6f,0x3a,0x6f,0x3a,0x6f,0x3a,0x6f,0x3a,0x6f,0x3a,0x6f,0x3a,0x6f,0x3a,0x6f,0x3b,0x6f,0x3b,0x6f,0x3b,0x6f,
0x5b,0x77,0xdb,0x5e,0x99,0x04,0x99,0x04,0x99,0x04,0xb9,0x04,0x79,0x04,0xba,0x2d,0x3b,0x6f,0x1b,0x6f,0x3b,0x6f,0xcc,0x11,0xca,0x00,0x0b,0x01,0x89,0x00,0xca,0x00,
0xea,0x00,0xc9,0x00,0x8e,0x01,0x31,0x02,0x8d,0x01,0xaa,0x00,0x92,0x33,0xbd,0x87,0x3b,0x77,0x5c,0x7f,0x7c,0x7f,0x7c,0x7f,0x7c,0x7f,0x7c,0x7f,0x9c,0x87,0x5c,0x7f,
0xdc,0x4e,0x5b,0x26,0xfb,0x05,0xdb,0x05,0xba,0x05,0xbc,0x3e,0x7c,0x7f,0xdd,0x87,0xef,0x2a,0x89,0x00,0xae,0x01,0xae,0x01,0x8e,0x01,0x8e,0x01,0xf4,0x02,0xd4,0x02,
0xf5,0x02,0xd4,0x02,0x0c,0x01,0xb3,0x33,0xde,0x87,0x5c,0x77,0x7c,0x7f,0x7c,0x7f,0x7c,0x7f,0x7c,0x7f,0x5c,0x7f,0x7c,0x7f,0x5c,0x77,0x5c,0x77,0x5c,0x77,0x5c,0x77,
0x7c,0x77,0x5c,0x77,0x3c,0x77,0x3b,0x77,0xbd,0x7f,0x52,0x2b,0x0c,0x01,0x51,0x02,0x93,0x02,0x10,0x02,0x2c,0x01,0x4c,0x01,0x0b,0x01,0x0b,0x01,0x6d,0x01,0xeb,0x00,
0x74,0x3c,0xdc,0x7f,0x5b,0x3e,0x5b,0x05,0x7b,0x05,0x5b,0x05,0x7b,0x0d,0x3b,0x6f,0x3b,0x6f,0x3b,0x6f,0x3a,0x6f,0x3a,0x6f,0x3a,0x6f,0x3a,0x6f,0x3a,0x6f,0x3a,0x6f,
0x3a,0x6f,0x3a,0x6f,0x3a,0x6f,0x3a,0x6f,0x3a,0x67,0x3a,0x67,0x3a,0x67,0x1a,0x67,0x3a,0x67,0x3a,0x67,0x1a,0x67,0x1a,0x67,0x1a,0x67,0x1a,0x67,0x1a,0x67,0x1a,0x67,
0x1a,0x67,0x1a,0x67,0x1a,0x67,0x1a,0x67,0x3a,0x6f,0x3a,0x6f,0x1a,0x6f,0x3a,0x6f,0x1a,0x6f,0x3a,0x6f,0x3a,0x6f,0x3a,0x6f,0x3a,0x6f,0x3a,0x6f,0x3a,0x6f,0x3a,0x6f,
0x3a,0x6f,0x3a,0x6f,0x3a,0x6f,0x3a,0x6f,0x3a,0x6f,0x3a,0x6f,0x3a,0x6f,0x3a,0x6f,0x3a,0x6f,0x3b,0x6f,0x3b,0x6f,0x3b,0x6f,0x3b,0x6f,0x5b,0x77,0x3a,0x1d,0x79,0x04,
0x99,0x04,0x99,0x04,0x99,0x04,0xb9,0x04,0xdb,0x5e,0x1b,0x6f,0x9c,0x77,0x30,0x2b,0xa9,0x00,0x0a,0x01,0x91,0x33,0x0d,0x12,0xa9,0x00,0xc9,0x00,0x0b,0x01,0x10,0x02,
0x72,0x02,0x6c,0x01,0x4c,0x01,0x7a,0x6e,0xbd,0x87,0x5c,0x7f,0x7c,0x7f,0x7c,0x7f,0x7c,0x7f,0x7c,0x7f,0x7c,0x7f,0x7c,0x87,0x9c,0x87,0x7c,0x87,0x5c,0x77,0xfc,0x5e,
0xbc,0x46,0xdc,0x46,0x7c,0x7f,0x9d,0x87,0x2d,0x1a,0xca,0x00,0xae,0x01,0xae,0x01,0x8e,0x01,0x8e,0x01,0xd4,0x02,0xd4,0x02,0xf4,0x02,0xf4,0x02,0x2c,0x01,0xf1,0x22,
0xbd,0x87,0x5c,0x7f,0x7c,0x7f,0x7c,0x7f,0x7c,0x7f,0x7c,0x7f,0x7c,0x7f,0x7c,0x7f,0x7c,0x7f,0x5c,0x7f,0x5c,0x7f,0x5c,0x7f,0x5c,0x77,0x5c,0x77,0x3c,0x77,0xbd,0x7f,
0x39,0x66,0x6d,0x01,0x10,0x02,0xd4,0x02,0x93,0x02,0x8d,0x01,0x4c,0x01,0x0c,0x01,0xb0,0x1a,0xb0,0x1a,0x4c,0x01,0x0c,0x01,0x77,0x55,0xbc,0x7f,0x3b,0x2e,0x5b,0x05,
0x7b,0x05,0x3b,0x05,0xfb,0x25,0x5b,0x77,0x3b,0x6f,0x3a,0x6f,0x3a,0x6f,0x3a,0x6f,0x3a,0x6f,0x3a,0x6f,0x3a,0x6f,0x3a,0x6f,0x3a,0x6f,0x3a,0x6f,0x3a,0x6f,0x3a,0x6f,
0x3a,0x6f,0x3a,0x6f,0x3a,0x67,0x3a,0x67,0x1a,0x67,0x1a,0x67,0x1a,0x67,0x1a,0x67,0x1a,0x67,0x1a,0x67,0x1a,0x67,0x1a,0x67,0x1a,0x67,0x1a,0x67,0x1a,0x67,0x1a,0x67,
0x3a,0x6f,0x1a,0x6f,0x3a,0x6f,0x3a,0x6f,0x3a,0x6f,0x3a,0x6f,0x3a,0x6f,0x3a,0x6f,0x3a,0x6f,0x3a,0x6f,0x3a,0x6f,0x3a,0x6f,0x3a,0x6f,0x3a,0x6f,0x3a,0x6f,0x3a,0x6f,
0x3a,0x6f,0x3a,0x6f,0x3a,0x6f,0x3a,0x6f,0x3a,0x6f,0x3a,0x77,0x3a,0x77,0x3b,0x77,0x3b,0x6f,0x7b,0x7f,0x3a,0x4e,0x59,0x04,0x99,0x04,0x99,0x04,0x99,0x04,0x79,0x04,
0x7a,0x25,0x3b,0x77,0x7c,0x77,0x56,0x55,0x28,0x00,0x6b,0x09,0xdd,0x87,0x56,0x55,0x69,0x00,0x0a,0x01,0xc9,0x00,0x8e,0x01,0x92,0x02,0x92,0x02,0x0c,0x01,0x90,0x1a,
0x7c,0x87,0x7c,0x7f,0x5c,0x7f,0x7c,0x7f,0x7c,0x7f,0x7c,0x7f,0x7c,0x7f,0x7c,0x7f,0x7c,0x7f,0x7c,0x7f,0x7c,0x87,0x9c,0x87,0x9d,0x8f,0x9c,0x87,0x9d,0x87,0x1b,0x77,
0x4b,0x09,0x0b,0x01,0xcf,0x01,0xae,0x01,0x8e,0x01,0x8e,0x01,0xd4,0x02,0xf4,0x02,0xd4,0x02,0xf5,0x02,0x6d,0x01,0x4f,0x12,0x5c,0x7f,0x7d,0x7f,0x7c,0x7f,0x7c,0x7f,
0x7c,0x7f,0x7c,0x7f,0x7c,0x7f,0x7c,0x7f,0x5c,0x7f,0x5c,0x7f,0x5c,0x7f,0x5c,0x77,0x7c,0x7f,0x5c,0x77,0x9c,0x7f,0x3c,0x77,0x70,0x12,0xae,0x01,0x15,0x03,0xf5,0x02,
0x51,0x02,0x4c,0x01,0x6d,0x01,0xeb,0x00,0x39,0x66,0x9a,0x6e,0xab,0x00,0xcd,0x09,0xfa,0x6e,0x7b,0x77,0xfb,0x1d,0x5b,0x05,0x7b,0x05,0x3b,0x05,0x9b,0x4e,0x5b,0x77,
0x3b,0x6f,0x3a,0x6f,0x3a,0x6f,0x3a,0x6f,0x3a,0x6f,0x3a,0x6f,0x3a,0x6f,0x3a,0x6f,0x3a,0x6f,0x3a,0x6f,0x3a,0x6f,0x3a,0x6f,0x3a,0x6f,0x3a,0x6f,0x3a,0x6f,0x3a,0x6f,
0x3a,0x6f,0x1a,0x6f,0x1a,0x6f,0x3a,0x6f,0x3a,0x67,0x3a,0x67,0x1a,0x67,0x1a,0x67,0x3a,0x67,0x1a,0x67,0x1a,0x67,0x1a,0x67,0x3a,0x6f,0x1a,0x6f,0x1a,0x6f,0x3a,0x6f,
0x3a,0x6f,0x3a,0x6f,0x3a,0x6f,0x3a,0x6f,0x3a,0x6f,0x3a,0x6f,0x3a,0x6f,0x3a,0x6f,0x3a,0x6f,0x3a,0x6f,0x3a,0x6f,0x3a,0x6f,0x3a,0x6f,0x3a,0x6f,0x3a,0x6f,0x3a,0x77,
0x3a,0x77,0x3a,0x77,0x3a,0x77,0x3b,0x77,0x3b,0x77,0x3b,0x77,0x3b,0x6f,0xd9,0x0c,0x79,0x04,0x99,0x04,0x99,0x04,0x99,0x04,0x79,0x04,0x5a,0x4e,0x5b,0x77,0x5c,0x77,
0x51,0x2b,0x33,0x3c,0x9c,0x7f,0x1b,0x77,0xac,0x11,0xa9,0x00,0xea,0x00,0xea,0x00,0x10,0x02,0xd4,0x02,0x71,0x02,0x0c,0x01,0x52,0x2b,0x9c,0x87,0x9c,0x7f,0x5c,0x7f,
0x7c,0x7f,0x7c,0x7f,0x7c,0x7f,0x7c,0x7f,0x7c,0x7f,0x7c,0x7f,0x7c,0x7f,0x7c,0x7f,0x7c,0x7f,0x5c,0x7f,0xbd,0x87,0xf8,0x65,0xa9,0x00,0x4c,0x01,0xcf,0x01,0xae,0x01,
0x8e,0x01,0xae,0x01,0xf4,0x02,0xf5,0x02,0xd4,0x02,0x15,0x03,0xcf,0x01,0xae,0x01,0xbb,0x6e,0x9d,0x7f,0x5c,0x7f,0x7c,0x7f,0x7c,0x7f,0x7c,0x7f,0x7c,0x7f,0x7c,0x7f,
0x5c,0x7f,0x5c,0x7f,0x5c,0x7f,0x7c,0x7f,0x5c,0x77,0x9c,0x7f,0x5c,0x7f,0x12,0x23,0x6e,0x01,0x14,0x03,0x36,0x03,0xf4,0x02,0xae,0x01,0x4c,0x01,0x2c,0x01,0x0e,0x12,
0x3b,0x77,0x3b,0x77,0x11,0x23,0x36,0x4d,0xbc,0x7f,0x1b,0x6f,0x9b,0x0d,0x7b,0x05,0x5b,0x05,0x7b,0x0d,0x1b,0x6f,0x3a,0x6f,0x3a,0x6f,0x3a,0x6f,0x3a,0x6f,0x3a,0x6f,
0x3a,0x6f,0x3a,0x6f,0x3a,0x6f,0x3a,0x6f,0x3a,0x6f,0x3a,0x6f,0x3a,0x6f,0x3a,0x6f,0x3a,0x6f,0x3a,0x6f,0x3a,0x6f,0x3a,0x6f,0x3a,0x6f,0x3a,0x6f,0x3a,0x6f,0x3a,0x6f,
0x3a,0x6f,0x3a,0x6f,0x1a,0x6f,0x1a,0x6f,0x1a,0x6f,0x1a,0x6f,0x19,0x6f,0x1a,0x67,0x3a,0x6f,0x3a,0x6f,0x3a,0x6f,0x3a,0x6f,0x3a,0x6f,0x3a,0x6f,0x3a,0x6f,0x3a,0x6f,
0x3a,0x6f,0x3a,0x6f,0x3a,0x6f,0x3a,0x6f,0x3a,0x6f,0x3a,0x6f,0x3a,0x6f,0x3a,0x6f,0x3a,0x77,0x3a,0x77,0x3a,0x77,0x3a,0x77,0x3a,0x77,0x3a,0x77,0x3a,0x77,0x3a,0x77,
0x5b,0x77,0x3a,0x77,0x7b,0x7f,0xfa,0x3d,0x39,0x04,0x99,0x04,0x79,0x04,0x99,0x04,0x79,0x04,0xb9,0x0c,0xfb,0x66,0x5b,0x77,0x9c,0x7f,0x7c,0x7f,0x3b,0x77,0xbd,0x7f,
0x53,0x44,0x69,0x00,0x0a,0x01,0xc9,0x00,0x6c,0x01,0x72,0x02,0x15,0x03,0x51,0x02,0x0c,0x01,0x12,0x2b,0x5c,0x7f,0xbd,0x87,0x5c,0x7f,0x7c,0x7f,0x7c,0x7f,0x7c,0x7f,
0x7c,0x7f,0x7c,0x7f,0x7c,0x7f,0x7c,0x7f,0x7c,0x7f,0x5c,0x7f,0xfe,0x87,0x53,0x44,0x69,0x00,0x8d,0x01,0xcf,0x01,0xae,0x01,0x8e,0x01,0xae,0x01,0xf4,0x02,0xf5,0x02,
0xb4,0x02,0x36,0x03,0x30,0x02,0x4d,0x01,0x78,0x55,0xdd,0x87,0x5c,0x7f,0x7c,0x7f,0x7c,0x7f,0x7c,0x7f,0x7c,0x7f,0x7c,0x7f,0x7c,0x7f,0x7c,0x7f,0x5c,0x7f,0x5c,0x77,
0xbd,0x7f,0xfb,0x76,0xd2,0x1a,0x6e,0x01,0xf4,0x02,0x76,0x03,0x36,0x03,0x31,0x02,0x2c,0x01,0x8d,0x01,0xeb,0x00,0x13,0x3c,0xbc,0x7f,0x3b,0x77,0x9c,0x77,0x7c,0x77,
0x5b,0x7f,0xbb,0x4e,0x5b,0x05,0x7b,0x05,0x3b,0x05,0x3b,0x36,0x5b,0x77,0x3a,0x6f,0x3a,0x6f,0x3a,0x6f,0x3a,0x6f,0x3a,0x6f,0x3a,0x6f,0x3a,0x6f,0x3a,0x6f,0x3a,0x6f,
0x3a,0x6f,0x3a,0x6f,0x3a,0x6f,0x3a,0x6f,0x3a,0x6f,0x3a,0x6f,0x3a,0x6f,0x3a,0x6f,0x3a,0x6f,0x3a,0x6f,0x3a,0x6f,0x3a,0x6f,0x3a,0x6f,0x3a,0x6f,0x3a,0x6f,0x3a,0x6f,
0x3a,0x6f,0x3a,0x6f,0x3a,0x6f,0x19,0x6f,0x3a,0x6f,0x3a,0x6f,0x3a,0x6f,0x3a,0x6f,0x3a,0x6f,0x3a,0x6f,0x3a,0x6f,0x3a,0x6f,0x3a,0x6f,0x3a,0x6f,0x3a,0x6f,0x3a,0x6f,
0x3a,0x6f,0x3a,0x77,0x3a,0x77,0x3a,0x77,0x3a,0x77,0x3a,0x77,0x3a,0x77,0x3a,0x77,0x3a,0x77,0x3a,0x77,0x3a,0x77,0x3a,0x77,0x5a,0x77,0x3a,0x77,0x5b,0x77,0x3b,0x6f,
0xb9,0x0c,0x79,0x04,0x79,0x04,0x79,0x04,0x99,0x04,0x58,0x04,0x39,0x1d,0x5b,0x77,0x3b,0x77,0x3b,0x77,0x3b,0x77,0x7c,0x77,0xfb,0x76,0x6b,0x09,0xca,0x00,0xea,0x00,
0xc9,0x00,0xcf,0x01,0xb3,0x02,0x15,0x03,0x51,0x02,0x0c,0x01,0x70,0x1a,0x59,0x6e,0xfd,0x8f,0x9c,0x7f,0x5c,0x7f,0x7c,0x7f,0x7c,0x7f,0x7c,0x7f,0x7c,0x7f,0x7c,0x7f,
0x7c,0x7f,0x5c,0x7f,0xdd,0x87,0x4e,0x1a,0xaa,0x00,0xae,0x01,0xaf,0x01,0xae,0x01,0x8e,0x01,0xae,0x01,0xf4,0x02,0xf5,0x02,0xb4,0x02,0x36,0x03,0x92,0x02,0x4d,0x01,
0x53,0x23,0xdd,0x87,0x5c,0x77,0x5c,0x7f,0x7c,0x7f,0x7c,0x7f,0x7c,0x7f,0x7c,0x7f,0x5c,0x7f,0x5c,0x77,0x9c,0x7f,0xdd,0x87,0xf9,0x5d,0x50,0x0a,0x6e,0x01,0xf4,0x02,
0x97,0x03,0x36,0x03,0xb3,0x02,0x4c,0x01,0x6c,0x01,0x6c,0x01,0x6c,0x01,0x99,0x6e,0x9c,0x77,0x5b,0x7f,0x5b,0x7f,0x7b,0x7f,0x5b,0x77,0xbb,0x15,0x5b,0x05,0x5b,0x05,
0x5a,0x05,0xfb,0x5e,0x5a,0x77,0x3a,0x6f,0x3a,0x6f,0x3a,0x6f,0x3a,0x6f,0x3a,0x6f,0x3a,0x6f,0x3a,0x6f,0x3a,0x6f,0x3a,0x6f,0x3a,0x6f,0x3a,0x6f,0x3a,0x6f,0x3a,0x6f,
0x3a,0x6f,0x3a,0x6f,0x3a,0x6f,0x3a,0x6f,0x3a,0x6f,0x3a,0x6f,0x3a,0x6f,0x3a,0x6f,0x3a,0x6f,0x3a,0x6f,0x3a,0x6f,0x39,0x6f,0x39,0x6f,0x39,0x6f,0x39,0x6f,0x19,0x6f,
0x3a,0x6f,0x3a,0x6f,0x3a,0x6f,0x3a,0x6f,0x3a,0x6f,0x3a,0x6f,0x3a,0x6f,0x3a,0x6f,0x3a,0x6f,0x3a,0x77,0x3a,0x77,0x3a,0x77,0x3a,0x77,0x3a,0x77,0x3a,0x77,0x3a,0x77,
0x3a,0x77,0x3a,0x77,0x3a,0x77,0x3a,0x77,0x3a,0x77,0x3a,0x77,0x3a,0x77,0x3a,0x77,0x3a,0x77,0x5a,0x77,0x3a,0x77,0x7b,0x7f,0x1a,0x46,0x38,0x04,0x79,0x04,0x78,0x04,
0x78,0x04,0x99,0x04,0x58,0x04,0xba,0x35,0x7b,0x7f,0x3b,0x77,0x5b,0x77,0x3b,0x77,0xdd,0x7f,0x74,0x44,0x69,0x00,0x0b,0x01,0xea,0x00,0xea,0x00,0x31,0x02,0xb3,0x02,
0x15,0x03,0x92,0x02,0x2c,0x01,0x6d,0x01,0x34,0x44,0x1b,0x7f,0xfd,0x8f,0xdd,0x87,0x7c,0x7f,0x7c,0x7f,0x5c,0x7f,0x5c,0x7f,0x9c,0x7f,0xfe,0x8f,0x16,0x55,0xca,0x00,
0x4c,0x01,0xcf,0x01,0xae,0x01,0xae,0x01,0x8e,0x01,0xae,0x01,0xf4,0x02,0xf5,0x02,0xb4,0x02,0xf5,0x02,0x15,0x03,0xcf,0x01,0x8e,0x01,0x78,0x5d,0xfe,0x8f,0x7c,0x7f,
0x5c,0x77,0x5c,0x7f,0x5c,0x7f,0x7c,0x7f,0xbd,0x7f,0xdd,0x87,0xdb,0x76,0xf4,0x3b,0x8f,0x01,0x8e,0x01,0x34,0x03,0xb7,0x03,0x15,0x03,0x15,0x03,0x8d,0x01,0x4c,0x01,
0x8d,0x01,0xeb,0x00,0xd2,0x33,0xdc,0x7f,0x3b,0x77,0xdb,0x56,0xbb,0x4e,0x9b,0x46,0xdb,0x1d,0x5b,0x05,0x7b,0x05,0x3b,0x05,0xfb,0x2d,0x7a,0x77,0x3a,0x6f,0x3a,0x6f,
0x3a,0x6f,0x3a,0x6f,0x3a,0x6f,0x3a,0x6f,0x3a,0x6f,0x3a,0x6f,0x3a,0x6f,0x3a,0x6f,0x3a,0x6f,0x3a,0x6f,0x3a,0x6f,0x3a,0x6f,0x3a,0x6f,0x3a,0x6f,0x3a,0x6f,0x3a,0x6f,
0x3a,0x6f,0x3a,0x6f,0x3a,0x6f,0x39,0x6f,0x39,0x6f,0x39,0x6f,0x39,0x6f,0x39,0x6f,0x39,0x6f,0x39,0x6f,0x39,0x6f,0x39,0x6f,0x3a,0x6f,0x3a,0x6f,0x3a,0x6f,0x3a,0x6f,
0x3a,0x6f,0x3a,0x77,0x3a,0x77,0x3a,0x77,0x3a,0x77,0x3a,0x77,0x3a,0x77,0x3a,0x77,0x3a,0x77,0x3a,0x77,0x3a,0x77,0x3a,0x77,0x3a,0x77,0x3a,0x77,0x3a,0x77,0x3a,0x77,
0x5a,0x77,0x3a,0x77,0x3a,0x77,0x5a,0x77,0x5a,0x77,0x5a,0x77,0x5a,0x77,0x5a,0x77,0x5b,0x77,0xd9,0x14,0x58,0x04,0x78,0x04,0x78,0x04,0x78,0x04,0x99,0x04,0x58,0x04,
0x1a,0x46,0x7b,0x7f,0x3b,0x77,0x3b,0x77,0x5b,0x77,0x7c,0x7f,0x0d,0x1a,0xa9,0x00,0x0a,0x01,0xea,0x00,0xea,0x00,0x51,0x02,0xb3,0x02,0x15,0x03,0xd3,0x02,0xae,0x01,
0xeb,0x00,0xce,0x09,0xf3,0x3b,0x19,0x66,0x5c,0x7f,0xbd,0x87,0xdd,0x87,0xdd,0x87,0x3c,0x7f,0x34,0x44,0x0b,0x01,0x0b,0x01,0xae,0x01,0xef,0x01,0xae,0x01,0xae,0x01,
0x8e,0x01,0xae,0x01,0xf4,0x02,0xf5,0x02,0xd4,0x02,0xb4,0x02,0x76,0x03,0x72,0x02,0xae,0x01,0xef,0x01,0xd6,0x4c,0x3c,0x7f,0xdd,0x87,0xdd,0x87,0xbd,0x87,0x3c,0x7f,
0xf9,0x65,0xf4,0x3b,0xef,0x09,0x2d,0x01,0x0f,0x02,0x96,0x1b,0xb7,0x03,0x15,0x03,0x35,0x03,0xae,0x01,0x4c,0x01,0x6d,0x01,0x4c,0x01,0xad,0x09,0xfa,0x6e,0x9b,0x7f,
0xbb,0x56,0x5b,0x05,0x5b,0x05,0x5b,0x05,0x5b,0x05,0x5b,0x05,0x5b,0x05,0x5b,0x05,0xfa,0x66,0x5a,0x77,0x3a,0x6f,0x3a,0x77,0x3a,0x77,0x3a,0x6f,0x3a,0x6f,0x3a,0x6f,
0x3a,0x6f,0x3a,0x6f,0x3a,0x6f,0x3a,0x6f,0x3a,0x6f,0x3a,0x6f,0x3a,0x6f,0x3a,0x6f,0x3a,0x6f,0x3a,0x6f,0x3a,0x6f,0x3a,0x6f,0x39,0x6f,0x39,0x6f,0x3a,0x6f,0x39,0x6f,
0x39,0x6f,0x39,0x6f,0x39,0x6f,0x39,0x6f,0x39,0x6f,0x39,0x6f,0x39,0x6f,0x39,0x6f,0x39,0x6f,0x3a,0x6f,0x3a,0x6f,0x3a,0x77,0x3a,0x77,0x3a,0x77,0x3a,0x77,0x3a,0x77,
0x3a,0x77,0x3a,0x77,0x3a,0x77,0x3a,0x77,0x3a,0x77,0x3a,0x77,0x3a,0x77,0x3a,0x77,0x3a,0x77,0x3a,0x77,0x3a,0x77,0x3a,0x77,0x3a,0x77,0x5a,0x77,0x5a,0x77,0x5a,0x77,
0x5a,0x77,0x5a,0x77,0x5a,0x77,0x3a,0x77,0x7b,0x7f,0x7a,0x56,0x38,0x04,0x78,0x04,0x78,0x04,0x78,0x04,0x78,0x04,0x78,0x04,0x58,0x04,0x3a,0x4e,0x7b,0x7f,0x3b,0x77,
0x3b,0x77,0x9c,0x7f,0x18,0x66,0xca,0x00,0xea,0x00,0x0b,0x01,0xea,0x00,0xea,0x00,0x31,0x02,0x93,0x02,0xd4,0x02,0x35,0x0b,0x71,0x0a,0x4c,0x01,0xaa,0x00,0x0b,0x01,
0x0e,0x12,0x11,0x2b,0x72,0x33,0x51,0x2b,0xcd,0x09,0xcb,0x00,0x0b,0x01,0x8d,0x01,0x31,0x02,0xcf,0x01,0xae,0x01,0xae,0x01,0x8e,0x01,0xae,0x01,0xf5,0x02,0xf5,0x02,
0xf4,0x02,0xb4,0x02,0xf5,0x02,0xd7,0x0b,0x30,0x0a,0x8e,0x01,0x8e,0x01,0x71,0x12,0xb4,0x33,0xd4,0x33,0x53,0x23,0x70,0x12,0x8e,0x01,0x2d,0x01,0x8e,0x01,0xf2,0x22,
0x38,0x34,0x97,0x0b,0x36,0x03,0x35,0x03,0xcf,0x01,0x4c,0x01,0x6d,0x01,0x8d,0x01,0xec,0x00,0x36,0x4d,0xbc,0x7f,0x5b,0x77,0xdb,0x15,0x7b,0x05,0x7b,0x05,0x7b,0x05,
0x5b,0x05,0x7b,0x05,0x3b,0x05,0x3b,0x36,0x7a,0x7f,0x3a,0x6f,0x5a,0x77,0x5a,0x77,0x3a,0x77,0x3a,0x77,0x3a,0x77,0x3a,0x77,0x3a,0x6f,0x3a,0x6f,0x3a,0x6f,0x3a,0x6f,
0x3a,0x6f,0x3a,0x6f,0x3a,0x6f,0x3a,0x6f,0x3a,0x6f,0x3a,0x6f,0x3a,0x6f,0x39,0x6f,0x39,0x6f,0x39,0x6f,0x39,0x6f,0x39,0x6f,0x39,0x6f,0x39,0x6f,0x39,0x6f,0x39,0x6f,
0x39,0x6f,0x39,0x6f,0x39,0x6f,0x39,0x6f,0x39,0x77,0x3a,0x77,0x39,0x77,0x39,0x77,0x39,0x77,0x3a,0x77,0x3a,0x77,0x3a,0x77,0x3a,0x77,0x3a,0x77,0x3a,0x77,0x3a,0x77,
0x3a,0x77,0x3a,0x77,0x3a,0x77,0x5a,0x77,0x3a,0x77,0x3a,0x77,0x3a,0x77,0x5a,0x77,0x3a,0x77,0x5a,0x77,0x5a,0x77,0x5a,0x77,0x5a,0x77,0x5a,0x77,0x5a,0x77,0x5a,0x77,
0x5a,0x77,0x7b,0x7f,0x79,0x2d,0x38,0x04,0x78,0x04,0x78,0x04,0x78,0x04,0x98,0x04,0x78,0x04,0x58,0x04,0x1a,0x46,0x7b,0x7f,0x3b,0x77,0x3b,0x77,0xdd,0x7f,0x74,0x44,
0x69,0x00,0x0b,0x01,0x0a,0x01,0xea,0x00,0xea,0x00,0x10,0x02,0x72,0x02,0x72,0x02,0x34,0x13,0x95,0x2b,0xd1,0x2a,0xad,0x09,0xeb,0x00,0xaa,0x00,0xaa,0x00,0xaa,0x00,
0xeb,0x00,0x4c,0x01,0xef,0x01,0x93,0x02,0xf0,0x01,0xaf,0x01,0xae,0x01,0xae,0x01,0x8e,0x01,0xae,0x01,0xf5,0x02,0xf5,0x02,0xd4,0x02,0xd4,0x02,0xb4,0x02,0x35,0x0b,
0xb9,0x4c,0x33,0x33,0xcf,0x01,0x4e,0x01,0x2d,0x01,0x2d,0x01,0x0d,0x01,0x4d,0x01,0xef,0x09,0x33,0x3b,0x77,0x54,0x59,0x34,0x56,0x03,0x36,0x03,0x15,0x03,0xae,0x01,
0x6c,0x01,0x8d,0x01,0x8d,0x01,0x0c,0x01,0x72,0x2b,0xbc,0x7f,0x7b,0x7f,0x9b,0x46,0x5b,0x05,0x7b,0x05,0x7b,0x05,0x5b,0x05,0x5b,0x05,0x5b,0x05,0x9a,0x15,0x3a,0x77,
0x5a,0x77,0x5a,0x77,0x5a,0x77,0x5a,0x77,0x5a,0x77,0x3a,0x77,0x3a,0x77,0x3a,0x77,0x3a,0x77,0x3a,0x6f,0x3a,0x77,0x3a,0x6f,0x3a,0x6f,0x3a,0x6f,0x3a,0x6f,0x3a,0x6f,
0x3a,0x6f,0x3a,0x6f,0x39,0x6f,0x39,0x6f,0x39,0x6f,0x39,0x6f,0x39,0x6f,0x39,0x6f,0x39,0x6f,0x39,0x6f,0x39,0x6f,0x39,0x6f,0x39,0x6f,0x39,0x6f,0x39,0x6f,0x39,0x6f,
0x39,0x77,0x39,0x77,0x39,0x77,0x39,0x77,0x3a,0x77,0x39,0x77,0x39,0x77,0x3a,0x77,0x39,0x77,0x3a,0x77,0x3a,0x77,0x3a,0x77,0x3a,0x77,0x3a,0x77,0x3a,0x77,0x3a,0x77,
0x3a,0x77,0x5a,0x77,0x3a,0x77,0x5a,0x77,0x5a,0x77,0x5a,0x77,0x5a,0x77,0x5a,0x77,0x5a,0x77,0x5a,0x77,0x5a,0x77,0x5a,0x77,0x5a,0x77,0x5a,0x7f,0x3a,0x77,0xb8,0x0c,
0x58,0x04,0x78,0x04,0x78,0x04,0x78,0x04,0x78,0x04,0x98,0x04,0x58,0x04,0xda,0x3d,0x7b,0x7f,0x5b,0x77,0x3b,0x77,0xbc,0x7f,0x50,0x2b,0x69,0x00,0x2b,0x01,0x0a,0x01,
0xea,0x00,0xea,0x00,0xae,0x01,0x51,0x02,0x10,0x02,0x51,0x0a,0x55,0x2b,0x16,0x4c,0xf5,0x4b,0x94,0x43,0x33,0x33,0x33,0x33,0x33,0x23,0x35,0x03,0xf4,0x02,0x10,0x02,
0xcf,0x01,0xaf,0x01,0xae,0x01,0xae,0x01,0x8e,0x01,0xae,0x01,0xf5,0x02,0xf5,0x02,0xd4,0x02,0xd4,0x02,0xd4,0x02,0xb4,0x02,0x35,0x13,0x1a,0x65,0x19,0x7d,0x56,0x64,
0xb4,0x53,0xb4,0x53,0x35,0x64,0xf8,0x7c,0x7a,0x85,0xfa,0x5c,0xb7,0x13,0x15,0x03,0x56,0x03,0xb3,0x02,0x8d,0x01,0x6d,0x01,0x8d,0x01,0x8d,0x01,0x2c,0x01,0x4f,0x12,
0x3b,0x77,0x7b,0x7f,0x1b,0x6f,0x9b,0x0d,0x7b,0x05,0x7b,0x05,0x5b,0x05,0x5b,0x05,0x5b,0x05,0x3b,0x05,0xda,0x5e,0x7a,0x7f,0x3a,0x77,0x5a,0x77,0x5a,0x77,0x5a,0x77,
0x5a,0x77,0x3a,0x77,0x5a,0x77,0x3a,0x77,0x3a,0x77,0x3a,0x77,0x3a,0x77,0x3a,0x6f,0x3a,0x77,0x3a,0x77,0x3a,0x6f,0x39,0x77,0x39,0x6f,0x39,0x6f,0x39,0x6f,0x39,0x6f,
0x39,0x6f,0x39,0x6f,0x39,0x6f,0x39,0x6f,0x39,0x6f,0x39,0x6f,0x39,0x6f,0x39,0x6f,0x39,0x6f,0x39,0x6f,0x39,0x6f,0x39,0x6f,0x39,0x77,0x39,0x77,0x39,0x77,0x39,0x77,
0x39,0x77,0x39,0x77,0x39,0x77,0x39,0x77,0x3a,0x77,0x39,0x77,0x3a,0x77,0x3a,0x77,0x3a,0x77,0x3a,0x77,0x3a,0x77,0x3a,0x77,0x5a,0x77,0x5a,0x77,0x3a,0x77,0x5a,0x77,
0x5a,0x77,0x5a,0x77,0x5a,0x77,0x5a,0x77,0x5a,0x77,0x5a,0x77,0x5a,0x77,0x5a,0x77,0x5a,0x77,0x5a,0x77,0x7a,0x7f,0xba,0x5e,0x58,0x04,0x78,0x04,0x78,0x04,0x78,0x04,
0x78,0x04,0x78,0x04,0x98,0x04,0x58,0x04,0x79,0x2d,0x5b,0x77,0x5b,0x7f,0x3b,0x77,0x7c,0x7f,0x8e,0x22,0x89,0x00,0x2b,0x01,0xea,0x00,0xea,0x00,0xca,0x00,0x2b,0x01,
0xef,0x01,0x10,0x02,0xaf,0x01,0xcf,0x01,0x71,0x12,0xf3,0x22,0x54,0x33,0x54,0x2b,0xf3,0x1a,0x51,0x02,0xcf,0x01,0xcf,0x01,0xcf,0x01,0xae,0x01,0xae,0x01,0xae,0x01,
0x8e,0x01,0xae,0x01,0xf5,0x02,0xf5,0x02,0xf4,0x02,0xd4,0x02,0xd4,0x02,0xd4,0x02,0xb4,0x02,0x93,0x02,0xdb,0x8d,0x9f,0xdf,0x7f,0xdf,0xfe,0xc6,0xdc,0x8d,0x99,0x4c,
0x76,0x13,0xf5,0x02,0x56,0x03,0x35,0x03,0x30,0x02,0x6c,0x01,0x6d,0x01,0x8d,0x01,0x8d,0x01,0x4d,0x01,0xce,0x09,0xba,0x6e,0x9c,0x7f,0x5b,0x7f,0xfb,0x25,0x5b,0x05,
0x7b,0x05,0x7b,0x05,0x7b,0x05,0x5b,0x05,0x3a,0x05,0x5b,0x3e,0x7a,0x7f,0x5a,0x77,0x5a,0x77,0x5a,0x77,0x5a,0x77,0x5a,0x77,0x3a,0x77,0x5a,0x77,0x5a,0x77,0x5a,0x77,
0x3a,0x77,0x3a,0x77,0x3a,0x77,0x3a,0x77,0x3a,0x77,0x3a,0x77,0x39,0x77,0x39,0x77,0x39,0x77,0x39,0x77,0x39,0x77,0x39,0x77,0x39,0x77,0x39,0x77,0x39,0x6f,0x39,0x6f,
0x39,0x6f,0x39,0x6f,0x39,0x6f,0x39,0x6f,0x39,0x6f,0x39,0x6f,0x39,0x6f,0x39,0x6f,0x39,0x77,0x39,0x77,0x39,0x77,0x39,0x77,0x39,0x77,0x39,0x77,0x39,0x77,0x39,0x77,
0x39,0x77,0x39,0x77,0x39,0x77,0x39,0x77,0x39,0x77,0x39,0x77,0x3a,0x77,0x5a,0x77,0x5a,0x77,0x5a,0x77,0x5a,0x77,0x5a,0x77,0x5a,0x77,0x5a,0x77,0x5a,0x77,0x5a,0x77,
0x5a,0x77,0x5a,0x77,0x5a,0x77,0x5a,0x77,0x5a,0x7f,0x5a,0x77,0x5a,0x77,0x9a,0x87,0x39,0x4e,0x38,0x04,0x78,0x04,0x78,0x04,0x78,0x04,0x78,0x04,0x78,0x04,0x98,0x04,
0x58,0x04,0xf9,0x14,0xdb,0x66,0x7b,0x7f,0x5b,0x77,0x3b,0x77,0x4e,0x1a,0x89,0x00,0x2b,0x01,0xea,0x00,0x0a,0x01,0xea,0x00,0xea,0x00,0x6c,0x01,0xef,0x01,0xf0,0x01,
0xaf,0x01,0x8e,0x01,0x8e,0x01,0x8e,0x01,0xae,0x01,0xcf,0x01,0xcf,0x01,0xcf,0x01,0xaf,0x01,0xae,0x01,0xae,0x01,0x8e,0x01,0x8e,0x01,0xae,0x01,0xf5,0x02,0xf5,0x02,
0xf5,0x02,0xd4,0x02,0xd4,0x02,0xb4,0x02,0xd4,0x02,0x3a,0x75,0x7d,0xae,0x5a,0x75,0x17,0x3c,0x15,0x0b,0xb4,0x02,0xf5,0x02,0x56,0x03,0x35,0x03,0x72,0x02,0x8d,0x01,
0x4c,0x01,0x8d,0x01,0x8d,0x01,0x8d,0x01,0x6d,0x01,0xad,0x09,0x59,0x66,0xbc,0x7f,0x5b,0x7f,0x7b,0x3e,0x5b,0x05,0x7b,0x05,0x7b,0x05,0x7b,0x05,0x7b,0x05,0x3b,0x05,
0xfb,0x25,0x7a,0x7f,0x5a,0x77,0x5a,0x77,0x5a,0x77,0x5a,0x77,0x5a,0x77,0x5a,0x77,0x5a,0x77,0x3a,0x77,0x5a,0x77,0x5a,0x77,0x3a,0x77,0x3a,0x77,0x3a,0x77,0x39,0x77,
0x39,0x77,0x39,0x77,0x39,0x77,0x39,0x77,0x39,0x77,0x39,0x77,0x39,0x77,0x39,0x77,0x39,0x77,0x39,0x77,0x39,0x77,0x39,0x77,0x39,0x6f,0x39,0x6f,0x39,0x6f,0x39,0x6f,
0x39,0x6f,0x39,0x6f,0x39,0x6f,0x39,0x6f,0x39,0x77,0x39,0x77,0x39,0x77,0x39,0x77,0x39,0x77,0x39,0x77,0x39,0x77,0x39,0x77,0x39,0x77,0x39,0x77,0x39,0x77,0x39,0x77,
0x59,0x77,0x39,0x77,0x59,0x77,0x59,0x77,0x59,0x77,0x5a,0x77,0x5a,0x77,0x5a,0x77,0x5a,0x77,0x5a,0x77,0x5a,0x77,0x5a,0x7f,0x5a,0x77,0x5a,0x77,0x5a,0x77,0x5a,0x77,
0x5a,0x7f,0x5a,0x7f,0x5a,0x7f,0x5a,0x77,0x9a,0x87,0xd9,0x3d,0x38,0x04,0x98,0x04,0x78,0x04,0x78,0x04,0x78,0x04,0x78,0x04,0x98,0x04,0x78,0x04,0x98,0x04,0x1a,0x46,
0x5b,0x7f,0x7b,0x7f,0x3b,0x77,0x6e,0x22,0x89,0x00,0x2b,0x01,0xea,0x00,0xea,0x00,0xea,0x00,0xca,0x00,0xea,0x00,0x6d,0x01,0xcf,0x01,0xef,0x01,0xef,0x01,0xcf,0x01,
0xcf,0x01,0xcf,0x01,0xcf,0x01,0xae,0x01,0xae,0x01,0xae,0x01,0xae,0x01,0x8e,0x01,0x8e,0x01,0xae,0x01,0xf5,0x02,0xf5,0x02,0xf5,0x02,0xf4,0x02,0xd4,0x02,0xd4,0x0a,
0x99,0x4c,0xd9,0x54,0x56,0x13,0xb4,0x02,0xd4,0x02,0x15,0x03,0x56,0x03,0x15,0x03,0x51,0x02,0x8d,0x01,0x4c,0x01,0x6d,0x01,0x8d,0x01,0x8d,0x01,0xad,0x01,0x4d,0x01,
0xce,0x09,0x59,0x66,0xbc,0x7f,0x5b,0x7f,0xdb,0x56,0x7b,0x05,0x7b,0x05,0x7b,0x05,0x7b,0x05,0x7b,0x05,0x5b,0x05,0xbb,0x15,0x5a,0x77,0x5a,0x77,0x5a,0x77,0x5a,0x77,
0x5a,0x77,0x5a,0x77,0x5a,0x77,0x5a,0x77,0x5a,0x77,0x5a,0x77,0x3a,0x77,0x5a,0x77,0x3a,0x77,0x5a,0x77,0x39,0x77,0x39,0x77,0x39,0x77,0x39,0x77,0x39,0x77,0x39,0x77,
0x39,0x77,0x39,0x77,0x39,0x77,0x39,0x77,0x39,0x77,0x39,0x77,0x39,0x77,0x39,0x77,0x39,0x77,0x39,0x77,0x39,0x77,0x39,0x77,0x39,0x77,0x39,0x6f,0x39,0x6f,0x39,0x6f,
0x39,0x77,0x39,0x77,0x39,0x77,0x39,0x77,0x39,0x77,0x39,0x77,0x39,0x77,0x39,0x77,0x39,0x77,0x39,0x77,0x39,0x77,0x39,0x77,0x39,0x77,0x59,0x77,0x59,0x77,0x59,0x77,
0x59,0x77,0x5a,0x77,0x5a,0x77,0x5a,0x77,0x5a,0x77,0x5a,0x77,0x5a,0x77,0x5a,0x7f,0x5a,0x7f,0x5a,0x7f,0x5a,0x7f,0x5a,0x7f,0x5a,0x7f,0x5a,0x7f,0x5a,0x7f,0x5a,0x7f,
0x5a,0x7f,0x9a,0x87,0x99,0x35,0x38,0x04,0x98,0x04,0x78,0x04,0x78,0x04,0x78,0x04,0x78,0x04,0x98,0x04,0x78,0x04,0x58,0x04,0x39,0x25,0xba,0x5e,0x9c,0x7f,0x5b,0x77,
0xaf,0x22,0x69,0x00,0x0b,0x01,0x0a,0x01,0xea,0x00,0xea,0x00,0xea,0x00,0xca,0x00,0xea,0x00,0x4c,0x01,0xae,0x01,0xcf,0x01,0xcf,0x01,0xcf,0x01,0xaf,0x01,0xaf,0x01,
0xae,0x01,0xae,0x01,0xae,0x01,0xae,0x01,0x8e,0x01,0x8e,0x01,0xf5,0x02,0xf5,0x02,0xf4,0x02,0xf4,0x02,0xd4,0x02,0x96,0x1b,0x76,0x13,0xb4,0x02,0xf5,0x02,0x36,0x03,
0x56,0x03,0xd4,0x02,0x10,0x02,0x6d,0x01,0x2c,0x01,0x6c,0x01,0x8d,0x01,0x8d,0x01,0x8d,0x01,0xae,0x01,0x4c,0x01,0x2f,0x12,0x99,0x6e,0x9c,0x7f,0x5b,0x7f,0xfb,0x5e,
0x7b,0x05,0x7b,0x05,0x7b,0x05,0x7b,0x05,0x7b,0x05,0x5b,0x05,0x9b,0x0d,0x3a,0x6f,0x7a,0x7f,0x5a,0x77,0x5a,0x77,0x5a,0x77,0x5a,0x77,0x5a,0x77,0x5a,0x77,0x5a,0x77,
0x5a,0x77,0x5a,0x77,0x5a,0x77,0x39,0x77,0x59,0x77,0x59,0x77,0x39,0x77,0x39,0x77,0x39,0x77,0x39,0x77,0x39,0x77,0x39,0x77,0x39,0x77,0x39,0x77,0x39,0x77,0x39,0x77,
0x39,0x77,0x39,0x77,0x39,0x77,0x39,0x77,0x39,0x77,0x39,0x77,0x39,0x77,0x39,0x77,0x39,0x77,0x39,0x77,0x39,0x77,0x39,0x77,0x39,0x77,0x39,0x77,0x39,0x77,0x39,0x77,
0x39,0x77,0x39,0x77,0x39,0x77,0x39,0x77,0x39,0x77,0x39,0x77,0x39,0x77,0x59,0x77,0x59,0x77,0x59,0x77,0x59,0x77,0x59,0x77,0x59,0x77,0x59,0x77,0x59,0x77,0x59,0x77,
0x5a,0x7f,0x5a,0x77,0x5a,0x7f,0x5a,0x7f,0x5a,0x7f,0x5a,0x7f,0x5a,0x7f,0x5a,0x7f,0x5a,0x7f,0x5a,0x7f,0x5a,0x7f,0x5a,0x7f,0x5a,0x7f,0x5a,0x7f,0x7a,0x87,0xb9,0x35,
0x38,0x04,0x78,0x04,0x78,0x04,0x78,0x04,0x78,0x04,0x78,0x04,0x78,0x04,0x98,0x04,0x78,0x04,0x98,0x04,0xb9,0x35,0x3b,0x6f,0xbc,0x7f,0x91,0x33,0x89,0x00,0xea,0x00,
0x0b,0x01,0xea,0x00,0xea,0x00,0xea,0x00,0xea,0x00,0xc9,0x00,0xea,0x00,0x2c,0x01,0xae,0x01,0xcf,0x01,0xcf,0x01,0xae,0x01,0xae,0x01,0xae,0x01,0xae,0x01,0xae,0x01,
0x8e,0x01,0xae,0x01,0xf5,0x02,0xf5,0x02,0xf5,0x02,0xf4,0x02,0xf4,0x02,0xd4,0x02,0xd4,0x02,0x35,0x03,0x36,0x03,0xb3,0x02,0xcf,0x01,0x4c,0x01,0x2b,0x01,0x4c,0x01,
0x6d,0x01,0x8d,0x01,0x8d,0x01,0x8d,0x01,0xad,0x01,0x0c,0x01,0x6f,0x1a,0xfa,0x6e,0x9c,0x7f,0x5b,0x7f,0xfb,0x5e,0x9b,0x05,0x7b,0x05,0x7b,0x05,0x7b,0x05,0x7b,0x05,
0x5b,0x05,0x9b,0x0d,0x1a,0x6f,0x7a,0x7f,0x5a,0x77,0x5a,0x77,0x5a,0x77,0x5a,0x77,0x5a,0x77,0x5a,0x77,0x5a,0x77,0x5a,0x77,0x5a,0x77,0x5a,0x77,0x59,0x77,0x59,0x77,
0x59,0x77,0x59,0x77,0x59,0x77,0x39,0x77,0x39,0x77,0x59,0x77,0x39,0x77,0x39,0x77,0x39,0x77,0x39,0x77,0x39,0x77,0x39,0x77,0x39,0x77,0x39,0x77,0x39,0x77,0x39,0x77,
0x39,0x77,0x39,0x77,0x39,0x77,0x39,0x77,0x39,0x77,0x39,0x77,0x39,0x77,0x39,0x77,0x39,0x77,0x39,0x77,0x39,0x77,0x39,0x77,0x39,0x77,0x39,0x77,0x39,0x77,0x39,0x77,
0x39,0x77,0x39,0x77,0x39,0x77,0x59,0x77,0x59,0x77,0x59,0x77,0x59,0x77,0x59,0x77,0x59,0x77,0x59,0x77,0x59,0x7f,0x59,0x77,0x59,0x7f,0x5a,0x7f,0x5a,0x7f,0x5a,0x7f,
0x5a,0x7f,0x5a,0x7f,0x5a,0x7f,0x5a,0x7f,0x5a,0x7f,0x5a,0x7f,0x5a,0x7f,0x5a,0x7f,0x5a,0x7f,0x5a,0x7f,0x5a,0x7f,0x7a,0x87,0xd9,0x3d,0x38,0x04,0x78,0x04,0x78,0x04,
0x78,0x04,0x78,0x04,0x78,0x04,0x78,0x04,0x98,0x04,0x98,0x04,0x58,0x04,0xb9,0x0c,0x1a,0x46,0xbc,0x7f,0x15,0x55,0xea,0x00,0xaa,0x00,0x0b,0x01,0xea,0x00,0xea,0x00,
0xea,0x00,0xea,0x00,0xea,0x00,0xc9,0x00,0xca,0x00,0x2b,0x01,0x8e,0x01,0xcf,0x01,0xcf,0x01,0xae,0x01,0xae,0x01,0xae,0x01,0x8e,0x01,0xae,0x01,0xd4,0x02,0xf5,0x02,
0xf4,0x02,0xf4,0x02,0xd4,0x02,0x15,0x03,0x15,0x03,0x72,0x02,0x8d,0x01,0x0a,0x01,0x0b,0x01,0x2c,0x01,0x4c,0x01,0x6c,0x01,0x6d,0x01,0x6d,0x01,0xad,0x01,0x8d,0x01,
0x0c,0x01,0x72,0x2b,0x3b,0x77,0x7b,0x77,0x5b,0x7f,0xbb,0x4e,0x9b,0x05,0x7b,0x05,0x9b,0x05,0x7b,0x05,0x9b,0x05,0x5b,0x05,0x9b,0x0d,0x1a,0x6f,0x7a,0x7f,0x5a,0x77,
0x5a,0x7f,0x5a,0x7f,0x5a,0x77,0x5a,0x77,0x5a,0x77,0x5a,0x77,0x5a,0x77,0x5a,0x77,0x5a,0x77,0x5a,0x77,0x59,0x77,0x59,0x77,0x59,0x77,0x59,0x77,0x59,0x77,0x59,0x77,
0x59,0x77,0x39,0x77,0x39,0x77,0x39,0x77,0x39,0x77,0x39,0x77,0x39,0x77,0x39,0x77,0x39,0x77,0x39,0x77,0x39,0x77,0x39,0x77,0x39,0x77,0x39,0x77,0x39,0x77,0x39,0x77,
0x39,0x77,0x39,0x77,0x39,0x77,0x39,0x77,0x39,0x77,0x39,0x77,0x39,0x77,0x39,0x77,0x39,0x77,0x39,0x77,0x39,0x77,0x39,0x77,0x59,0x77,0x59,0x77,0x39,0x77,0x59,0x77,
0x59,0x77,0x59,0x77,0x59,0x77,0x59,0x7f,0x59,0x7f,0x59,0x7f,0x59,0x7f,0x59,0x7f,0x59,0x7f,0x59,0x7f,0x59,0x7f,0x5a,0x7f,0x5a,0x7f,0x5a,0x7f,0x5a,0x7f,0x5a,0x7f,
0x5a,0x7f,0x5a,0x7f,0x5a,0x7f,0x5a,0x7f,0x5a,0x7f,0x5a,0x7f,0x5a,0x7f,0x5a,0x7f,0x9a,0x87,0x39,0x4e,0x78,0x04,0x58,0x04,0x98,0x04,0x78,0x04,0x98,0x04,0x78,0x04,
0x98,0x04,0x98,0x04,0x98,0x04,0x98,0x04,0x58,0x04,0xf9,0x14,0xdc,0x56,0x59,0x66,0x4e,0x22,0x69,0x00,0xca,0x00,0x0a,0x01,0xea,0x00,0xea,0x00,0xea,0x00,0xea,0x00,
0xca,0x00,0xc9,0x00,0xc9,0x00,0x0b,0x01,0xae,0x01,0xcf,0x01,0xae,0x01,0xae,0x01,0x8e,0x01,0xae,0x01,0xf5,0x02,0xf5,0x02,0xd4,0x02,0xf4,0x02,0x15,0x03,0x72,0x02,
0x6d,0x01,0xea,0x00,0xea,0x00,0x0b,0x01,0x2c,0x01,0x2c,0x01,0x4c,0x01,0x4c,0x01,0x6d,0x01,0x8d,0x01,0x2c,0x01,0x8d,0x09,0xf6,0x4c,0x9c,0x7f,0x7b,0x7f,0x5b,0x7f,
0x7b,0x3e,0x7b,0x05,0x9b,0x05,0x9b,0x05,0x7b,0x05,0x9b,0x05,0x5b,0x05,0xdb,0x1d,0x3a,0x6f,0x7a,0x7f,0x5a,0x77,0x5a,0x7f,0x5a,0x7f,0x5a,0x7f,0x5a,0x77,0x5a,0x7f,
0x5a,0x7f,0x5a,0x7f,0x5a,0x77,0x5a,0x77,0x59,0x77,0x59,0x77,0x59,0x77,0x59,0x77,0x59,0x77,0x59,0x77,0x59,0x77,0x39,0x77,0x39,0x77,0x39,0x77,0x59,0x77,0x59,0x77,
0x39,0x77,0x39,0x77,0x39,0x77,0x39,0x77,0x39,0x77,0x39,0x77,0x39,0x77,0x39,0x77,0x39,0x77,0x39,0x77,0x39,0x77,0x39,0x77,0x39,0x77,0x39,0x77,0x39,0x77,0x39,0x77,
0x39,0x77,0x39,0x77,0x39,0x77,0x39,0x77,0x39,0x77,0x39,0x77,0x39,0x77,0x59,0x77,0x39,0x77,0x39,0x77,0x59,0x77,0x59,0x7f,0x59,0x77,0x59,0x7f,0x59,0x7f,0x59,0x7f,
0x59,0x7f,0x59,0x7f,0x59,0x7f,0x59,0x7f,0x59,0x7f,0x59,0x7f,0x59,0x7f,0x59,0x7f,0x59,0x7f,0x5a,0x7f,0x5a,0x7f,0x5a,0x7f,0x5a,0x7f,0x5a,0x7f,0x5a,0x7f,0x5a,0x7f,
0x5a,0x7f,0x7a,0x87,0x5a,0x7f,0x5a,0x7f,0x5a,0x7f,0x9a,0x87,0xba,0x66,0xd8,0x14,0x58,0x04,0x98,0x04,0x98,0x04,0x98,0x04,0x98,0x04,0x98,0x04,0x99,0x04,0x99,0x04,
0xb9,0x04,0x98,0x04,0x58,0x04,0x5a,0x1d,0x7b,0x4e,0x53,0x3c,0x4b,0x09,0x89,0x00,0xea,0x00,0x0a,0x01,0xea,0x00,0xea,0x00,0xea,0x00,0xca,0x00,0xc9,0x00,0xc9,0x00,
0xc9,0x00,0x6d,0x01,0xcf,0x01,0xae,0x01,0x8e,0x01,0xae,0x01,0xf5,0x02,0xf5,0x02,0xf5,0x02,0xf5,0x02,0xce,0x01,0xc9,0x00,0xc9,0x00,0x0a,0x01,0x0b,0x01,0x0b,0x01,
0x2b,0x01,0x2b,0x01,0x4c,0x01,0x6c,0x01,0x2c,0x01,0x0c,0x01,0x31,0x23,0x99,0x66,0xbc,0x7f,0x5b,0x7f,0x1b,0x6f,0x1b,0x26,0x7b,0x05,0x9b,0x05,0x9b,0x05,0x9b,0x05,
0x9b,0x05,0x5b,0x05,0x1b,0x2e,0x5a,0x7f,0x7a,0x7f,0x5a,0x77,0x5a,0x7f,0x5a,0x7f,0x5a,0x7f,0x5a,0x7f,0x5a,0x7f,0x5a,0x77,0x5a,0x7f,0x59,0x7f,0x59,0x7f,0x59,0x77,
0x59,0x77,0x59,0x77,0x59,0x77,0x59,0x77,0x59,0x77,0x59,0x77,0x59,0x77,0x59,0x77,0x59,0x77,0x59,0x77,0x39,0x77,0x39,0x77,0x39,0x77,0x39,0x77,0x39,0x77,0x39,0x77,
0x39,0x77,0x39,0x77,0x39,0x77,0x39,0x77,0x39,0x77,0x39,0x77,0x39,0x77,0x39,0x77,0x39,0x77,0x39,0x77,0x39,0x77,0x39,0x77,0x39,0x77,0x39,0x77,0x39,0x77,0x39,0x77,
0x39,0x77,0x39,0x77,0x59,0x77,0x39,0x77,0x39,0x77,0x59,0x7f,0x59,0x7f,0x59,0x7f,0x59,0x7f,0x59,0x7f,0x59,0x7f,0x59,0x7f,0x59,0x7f,0x59,0x7f,0x59,0x7f,0x59,0x7f,
0x59,0x7f,0x59,0x7f,0x59,0x7f,0x59,0x7f,0x59,0x7f,0x59,0x7f,0x5a,0x7f,0x59,0x7f,0x5a,0x7f,0x5a,0x7f,0x5a,0x7f,0x5a,0x7f,0x39,0x77,0xd9,0x5e,0x3a,0x77,0x7a,0x7f,
0x5a,0x7f,0x5a,0x7f,0x9a,0x87,0x3a,0x77,0x79,0x2d,0x58,0x04,0x78,0x04,0x98,0x04,0x98,0x04,0x98,0x04,0x98,0x04,0x99,0x04,0x99,0x04,0xb9,0x04,0xb9,0x04,0x78,0x04,
0x78,0x04,0x9a,0x1d,0xb9,0x3d,0x71,0x2b,0x0a,0x09,0x89,0x00,0xea,0x00,0xea,0x00,0xea,0x00,0xca,0x00,0xc9,0x00,0xca,0x00,0xc9,0x00,0xc9,0x00,0x4c,0x01,0xae,0x01,
0x8e,0x01,0xae,0x01,0xd4,0x02,0x15,0x03,0xd4,0x02,0x4c,0x01,0xa9,0x00,0xea,0x00,0xea,0x00,0x0a,0x01,0x0b,0x01,0x0b,0x01,0x2b,0x01,0x4c,0x01,0x0b,0x01,0xeb,0x00,
0x4e,0x12,0x77,0x4d,0x9c,0x77,0x7b,0x77,0x5b,0x77,0xbb,0x4e,0xbb,0x0d,0x7b,0x05,0x9b,0x05,0x9b,0x05,0x9b,0x05,0x7b,0x05,0x7b,0x05,0x7b,0x46,0x7a,0x87,0x5a,0x7f,
0x5a,0x7f,0x5a,0x7f,0x5a,0x7f,0x5a,0x7f,0x5a,0x7f,0x59,0x77,0x39,0x6f,0x5a,0x7f,0x59,0x7f,0x59,0x7f,0x59,0x7f,0x59,0x7f,0x59,0x7f,0x59,0x7f,0x59,0x7f,0x59,0x7f,
0x59,0x77,0x59,0x77,0x59,0x77,0x39,0x77,0x59,0x77,0x39,0x77,0x39,0x77,0x39,0x77,0x39,0x77,0x39,0x77,0x39,0x77,0x39,0x77,0x39,0x77,0x39,0x77,0x39,0x77,0x39,0x77,
0x39,0x77,0x39,0x77,0x39,0x77,0x38,0x77,0x38,0x77,0x38,0x77,0x38,0x77,0x38,0x77,0x39,0x7f,0x39,0x77,0x39,0x7f,0x39,0x7f,0x39,0x77,0x59,0x7f,0x59,0x7f,0x39,0x7f,
0x59,0x7f,0x59,0x7f,0x59,0x7f,0x59,0x7f,0x59,0x7f,0x59,0x7f,0x59,0x7f,0x59,0x7f,0x59,0x7f,0x59,0x7f,0x59,0x7f,0x59,0x7f,0x59,0x7f,0x59,0x7f,0x59,0x7f,0x59,0x7f,
0x59,0x7f,0x59,0x7f,0x59,0x7f,0x59,0x7f,0x5a,0x7f,0x5a,0x7f,0x5a,0x7f,0x7a,0x7f,0xf7,0x1d,0x56,0x05,0xd7,0x1d,0x5a,0x7f,0x5a,0x7f,0x5a,0x7f,0x5a,0x7f,0x7a,0x7f,
0x9a,0x87,0x79,0x56,0xd8,0x14,0x58,0x04,0x98,0x04,0xb8,0x04,0x98,0x04,0x98,0x04,0x99,0x04,0x99,0x04,0x99,0x04,0xb9,0x04,0xb9,0x04,0x78,0x04,0x99,0x04,0x7a,0x1d,
0x18,0x2d,0xcf,0x1a,0xca,0x00,0xa9,0x00,0xea,0x00,0xea,0x00,0xc9,0x00,0xc9,0x00,0xc9,0x00,0xc9,0x00,0xc9,0x00,0x2b,0x01,0xae,0x01,0xae,0x01,0x15,0x03,0xd4,0x02,
0x0b,0x01,0xa9,0x00,0xea,0x00,0xea,0x00,0xea,0x00,0x0a,0x01,0x0b,0x01,0x2b,0x01,0x2b,0x01,0xca,0x00,0xed,0x11,0xf5,0x44,0x3b,0x6f,0x9c,0x77,0x5b,0x77,0x1b,0x67,
0x1b,0x2e,0x7b,0x05,0x9b,0x05,0x9b,0x05,0x9b,0x05,0x9b,0x05,0x7b,0x05,0xdb,0x15,0xfb,0x66,0x9a,0x87,0x5a,0x7f,0x5a,0x7f,0x5a,0x7f,0x5a,0x7f,0x5a,0x7f,0x5a,0x7f,
0x39,0x6f,0x75,0x0e,0x55,0x06,0xf8,0x56,0x7a,0x87,0x59,0x7f,0x59,0x7f,0x59,0x7f,0x59,0x7f,0x59,0x7f,0x59,0x7f,0x59,0x7f,0x59,0x7f,0x59,0x7f,0x59,0x7f,0x59,0x77,
0x59,0x7f,0x59,0x7f,0x59,0x77,0x59,0x77,0x59,0x77,0x59,0x77,0x59,0x77,0x39,0x77,0x39,0x77,0x39,0x77,0x39,0x77,0x39,0x77,0x38,0x77,0x38,0x77,0x38,0x77,0x38,0x77,
0x38,0x77,0x38,0x77,0x38,0x77,0x38,0x77,0x39,0x7f,0x39,0x7f,0x39,0x7f,0x39,0x7f,0x39,0x7f,0x39,0x7f,0x59,0x7f,0x59,0x7f,0x59,0x7f,0x39,0x7f,0x59,0x7f,0x59,0x7f,
0x59,0x7f,0x59,0x7f,0x59,0x7f,0x59,0x7f,0x59,0x7f,0x59,0x7f,0x59,0x7f,0x59,0x7f,0x59,0x7f,0x59,0x7f,0x59,0x7f,0x59,0x7f,0x59,0x7f,0x59,0x7f,0x59,0x7f,0x59,0x7f,
0x59,0x7f,0x59,0x7f,0x7a,0x87,0xd9,0x5e,0x76,0x05,0x97,0x05,0x97,0x05,0x39,0x77,0x7a,0x87,0x5a,0x7f,0x5a,0x7f,0x5a,0x7f,0x5a,0x7f,0x9a,0x87,0x5a,0x7f,0xd9,0x3d,
0x98,0x04,0x78,0x04,0x98,0x04,0xb9,0x04,0xb9,0x04,0xb9,0x04,0xb9,0x04,0xb9,0x04,0xb9,0x04,0xb9,0x04,0xb9,0x04,0x78,0x04,0xb9,0x04,0x3a,0x0d,0x76,0x14,0x2e,0x0a,
0xa9,0x00,0xca,0x00,0xea,0x00,0xc9,0x00,0xc9,0x00,0xc9,0x00,0xc9,0x00,0xa9,0x00,0x0b,0x01,0xcf,0x01,0xb3,0x02,0xea,0x00,0xa9,0x00,0xea,0x00,0xca,0x00,0xea,0x00,
0xea,0x00,0x0b,0x01,0x2b,0x01,0xaa,0x00,0x4c,0x01,0x54,0x3c,0xfb,0x66,0x9c,0x77,0x5b,0x77,0x1b,0x6f,0x7b,0x3e,0xbb,0x0d,0x7b,0x05,0x9b,0x05,0x9b,0x05,0x9b,0x05,
0x7b,0x05,0x9b,0x05,0x5b,0x3e,0x5a,0x7f,0x7a,0x87,0x5a,0x7f,0x5a,0x7f,0x5a,0x7f,0x5a,0x7f,0x5a,0x7f,0x5a,0x7f,0x7a,0x87,0xf8,0x56,0x54,0x06,0x54,0x06,0x75,0x16,
0x59,0x7f,0x59,0x7f,0x59,0x7f,0x59,0x7f,0x59,0x7f,0x59,0x7f,0x59,0x7f,0x59,0x7f,0x59,0x7f,0x59,0x7f,0x59,0x7f,0x59,0x7f,0x59,0x7f,0x59,0x7f,0x59,0x77,0x59,0x7f,
0x59,0x7f,0x59,0x7f,0x59,0x7f,0x39,0x77,0x39,0x77,0x38,0x77,0x39,0x77,0x38,0x77,0x38,0x77,0x38,0x77,0x38,0x77,0x38,0x77,0x38,0x77,0x38,0x77,0x38,0x77,0x38,0x77,
0x38,0x7f,0x59,0x7f,0x39,0x7f,0x39,0x7f,0x39,0x7f,0x59,0x7f,0x59,0x7f,0x59,0x7f,0x59,0x7f,0x59,0x7f,0x59,0x7f,0x59,0x7f,0x59,0x7f,0x59,0x7f,0x59,0x7f,0x59,0x7f,
0x59,0x7f,0x59,0x7f,0x59,0x7f,0x59,0x7f,0x59,0x7f,0x59,0x7f,0x59,0x7f,0x59,0x7f,0x59,0x7f,0x59,0x7f,0x59,0x7f,0x59,0x7f,0x59,0x7f,0x59,0x7f,0x9a,0x87,0x37,0x36,
0x76,0x05,0x97,0x05,0xb7,0x15,0x5a,0x7f,0x5a,0x7f,0x5a,0x7f,0x5a,0x7f,0x5a,0x7f,0x5a,0x7f,0x5a,0x7f,0x7a,0x7f,0x9a,0x87,0x1a,0x6f,0x99,0x35,0x98,0x04,0x78,0x04,
0xb9,0x04,0xb9,0x04,0xb9,0x04,0xb9,0x04,0xb9,0x04,0xb9,0x04,0xb9,0x04,0xb9,0x04,0xb9,0x04,0x99,0x04,0xda,0x04,0x1a,0x05,0x94,0x03,0x0a,0x01,0xa9,0x00,0xea,0x00,
0xc9,0x00,0xc9,0x00,0xc9,0x00,0xc9,0x00,0xa9,0x00,0x2b,0x01,0xea,0x00,0xa9,0x00,0xea,0x00,0xc9,0x00,0xea,0x00,0xea,0x00,0x0b,0x01,0xca,0x00,0xca,0x00,0x31,0x23,
0x79,0x5e,0x9c,0x6f,0x5b,0x6f,0x1b,0x67,0x9b,0x46,0xdb,0x15,0x7b,0x05,0x9b,0x05,0x9b,0x05,0x9b,0x05,0x9b,0x05,0x7b,0x05,0xfb,0x1d,0xfb,0x66,0x9a,0x87,0x7a,0x7f,
0x5a,0x7f,0x5a,0x7f,0x5a,0x7f,0x5a,0x7f,0x5a,0x7f,0x5a,0x7f,0x5a,0x7f,0x7a,0x87,0x38,0x6f,0x54,0x06,0x54,0x0e,0x34,0x06,0xf8,0x56,0x79,0x87,0x59,0x7f,0x59,0x7f,
0x59,0x7f,0x59,0x7f,0x59,0x7f,0x59,0x7f,0x59,0x7f,0x59,0x7f,0x59,0x7f,0x59,0x7f,0x59,0x7f,0x59,0x7f,0x59,0x7f,0x59,0x7f,0x59,0x7f,0x39,0x7f,0x38,0x7f,0x38,0x7f,
0x38,0x7f,0x38,0x7f,0x58,0x7f,0x38,0x7f,0x38,0x7f,0x38,0x7f,0x38,0x7f,0x38,0x7f,0x38,0x7f,0x38,0x77,0x38,0x77,0x38,0x77,0x38,0x7f,0x38,0x7f,0x38,0x7f,0x38,0x7f,
0x39,0x7f,0x39,0x7f,0x59,0x7f,0x59,0x7f,0x39,0x7f,0x39,0x7f,0x39,0x7f,0x59,0x7f,0x59,0x7f,0x59,0x7f,0x59,0x7f,0x59,0x7f,0x59,0x7f,0x59,0x7f,0x59,0x7f,0x59,0x7f,
0x59,0x7f,0x59,0x7f,0x59,0x7f,0x59,0x7f,0x59,0x7f,0x59,0x7f,0x59,0x7f,0x59,0x7f,0x59,0x7f,0x59,0x7f,0x59,0x7f,0xb6,0x0d,0x96,0x05,0x76,0x05,0x58,0x36,0x7a,0x8f,
0x5a,0x7f,0x5a,0x7f,0x5a,0x7f,0x7a,0x87,0x7a,0x87,0x7a,0x87,0x7a,0x7f,0x5a,0x7f,0x7a,0x87,0x9a,0x87,0xfa,0x6e,0xb9,0x35,0xb9,0x04,0x99,0x04,0x99,0x04,0xb9,0x04,
0xb9,0x04,0xb9,0x04,0xb9,0x04,0xb9,0x04,0xb9,0x04,0xb9,0x04,0xb9,0x04,0x99,0x04,0xfa,0x04,0x57,0x04,0xce,0x01,0x88,0x00,0xc9,0x00,0xc9,0x00,0xc9,0x00,0xc9,0x00,
0xc9,0x00,0xa9,0x00,0xc9,0x00,0xc9,0x00,0xc9,0x00,0xc9,0x00,0xea,0x00,0xea,0x00,0x89,0x00,0x0d,0x12,0x77,0x45,0x9c,0x6f,0x5b,0x6f,0xfb,0x66,0x7b,0x46,0xbb,0x15,
0x5b,0x05,0x7b,0x05,0x9b,0x05,0x9b,0x05,0x9b,0x05,0x7c,0x05,0xdb,0x15,0xbb,0x56,0x7a,0x87,0x7a,0x87,0x5a,0x7f,0x5a,0x7f,0x5a,0x7f,0x7a,0x87,0x7a,0x87,0x7a,0x87,
0x5a,0x7f,0x59,0x7f,0x59,0x7f,0x59,0x7f,0x79,0x87,0x95,0x26,0x54,0x06,0x54,0x06,0x96,0x2e,0x79,0x87,0x59,0x7f,0x59,0x7f,0x59,0x7f,0x59,0x7f,0x59,0x7f,0x59,0x7f,
0x59,0x7f,0x59,0x7f,0x59,0x7f,0x59,0x7f,0x59,0x7f,0x59,0x7f,0x59,0x7f,0x58,0x7f,0x38,0x7f,0x38,0x7f,0x38,0x7f,0x38,0x7f,0x38,0x7f,0x38,0x7f,0x38,0x7f,0x38,0x7f,
0x38,0x7f,0x38,0x7f,0x38,0x7f,0x38,0x7f,0x38,0x7f,0x38,0x7f,0x38,0x7f,0x38,0x7f,0x38,0x7f,0x38,0x7f,0x38,0x7f,0x38,0x7f,0x38,0x7f,0x59,0x7f,0x58,0x7f,0x58,0x7f,
0x59,0x7f,0x38,0x7f,0x59,0x7f,0x59,0x7f,0x59,0x7f,0x59,0x7f,0x59,0x7f,0x59,0x7f,0x59,0x7f,0x59,0x7f,0x59,0x7f,0x59,0x7f,0x59,0x7f,0x59,0x7f,0x59,0x7f,0x59,0x7f,
0x59,0x7f,0x59,0x7f,0x59,0x7f,0x59,0x7f,0x59,0x7f,0x79,0x87,0xb8,0x56,0x76,0x05,0x97,0x05,0x76,0x05,0xf9,0x66,0x7a,0x87,0x59,0x7f,0x59,0x7f,0x7a,0x87,0x3a,0x77,
0x1a,0x2e,0x3a,0x36,0x5a,0x7f,0x7a,0x87,0x5a,0x7f,0x5a,0x7f,0x7a,0x87,0x9a,0x87,0x1a,0x77,0xf9,0x3d,0xf9,0x14,0x99,0x04,0x99,0x04,0xb9,0x04,0xb9,0x04,0xb9,0x04,
0xb9,0x04,0xb9,0x04,0xb9,0x04,0xb9,0x04,0xb9,0x04,0xd9,0x04,0xda,0x04,0xf2,0x02,0xa9,0x00,0xa9,0x00,0xc9,0x00,0xc9,0x00,0xc9,0x00,0xc9,0x00,0xc9,0x00,0xc9,0x00,
0xc9,0x00,0xea,0x00,0xca,0x00,0xea,0x00,0x12,0x34,0x1b,0x5f,0x5c,0x5f,0x9b,0x4e,0xfb,0x2d,0x7b,0x0d,0x3b,0x05,0x5b,0x05,0x9b,0x05,0x9b,0x05,0x7b,0x05,0x7b,0x05,
0xbb,0x0d,0x9b,0x46,0x5a,0x7f,0x7a,0x87,0x5a,0x7f,0x5a,0x7f,0x5a,0x7f,0x5a,0x7f,0x7a,0x87,0x59,0x77,0x95,0x2e,0xd6,0x3e,0x5a,0x7f,0x59,0x7f,0x59,0x7f,0x59,0x7f,
0x7a,0x87,0xf7,0x4e,0x54,0x06,0x54,0x0e,0x54,0x16,0x39,0x77,0x59,0x7f,0x59,0x7f,0x59,0x7f,0x59,0x7f,0x59,0x7f,0x59,0x7f,0x59,0x7f,0x59,0x7f,0x59,0x7f,0x59,0x7f,
0x59,0x7f,0x58,0x7f,0x58,0x7f,0x38,0x7f,0x58,0x7f,0x38,0x7f,0x58,0x7f,0x58,0x7f,0x58,0x7f,0x38,0x7f,0x38,0x7f,0x38,0x7f,0x38,0x7f,0x38,0x7f,0x38,0x7f,0x38,0x7f,
0x38,0x7f,0x38,0x7f,0x38,0x7f,0x38,0x7f,0x38,0x7f,0x38,0x7f,0x38,0x7f,0x38,0x7f,0x38,0x7f,0x58,0x7f,0x58,0x7f,0x38,0x7f,0x58,0x7f,0x58,0x7f,0x58,0x7f,0x59,0x7f,
0x59,0x7f,0x58,0x7f,0x59,0x7f,0x59,0x7f,0x59,0x7f,0x59,0x7f,0x59,0x7f,0x59,0x7f,0x59,0x7f,0x59,0x7f,0x59,0x7f,0x59,0x7f,0x59,0x7f,0x59,0x7f,0x59,0x7f,0x59,0x7f,
0x59,0x7f,0x79,0x8f,0x37,0x2e,0x76,0x05,0x96,0x05,0xb7,0x0d,0x59,0x7f,0x59,0x7f,0x59,0x7f,0x59,0x7f,0x79,0x87,0xf9,0x25,0x59,0x05,0x5a,0x05,0xba,0x56,0x7a,0x87,
0x5a,0x7f,0x5a,0x7f,0x5a,0x7f,0x5a,0x7f,0x7a,0x87,0x9a,0x8f,0x5a,0x7f,0x7a,0x56,0x59,0x25,0xb9,0x04,0x99,0x04,0xb9,0x04,0xd9,0x04,0xd9,0x04,0xb9,0x04,0xb9,0x04,
0xb9,0x04,0xb9,0x04,0xb9,0x04,0xfa,0x04,0xd5,0x03,0x0a,0x01,0xa9,0x00,0xea,0x00,0xc9,0x00,0xc9,0x00,0xc9,0x00,0xc9,0x00,0xea,0x00,0xa9,0x00,0xea,0x00,0xb6,0x24,
0x9c,0x36,0xba,0x25,0x3a,0x0d,0x1a,0x05,0x1a,0x05,0x3a,0x05,0x5b,0x05,0x7b,0x05,0x7b,0x05,0x5b,0x05,0xbb,0x15,0x9b,0x46,0x5a,0x77,0x7a,0x87,0x5a,0x7f,0x5a,0x7f,
0x5a,0x7f,0x5a,0x7f,0x5a,0x7f,0x5a,0x7f,0x7a,0x87,0xd6,0x3e,0x54,0x0e,0x54,0x0e,0xf7,0x56,0x7a,0x87,0x59,0x7f,0x59,0x7f,0x59,0x87,0x38,0x77,0x74,0x0e,0x74,0x0e,
0x53,0x06,0xf7,0x5e,0x59,0x87,0x59,0x7f,0x59,0x7f,0x59,0x7f,0x59,0x7f,0x59,0x7f,0x59,0x7f,0x58,0x7f,0x58,0x7f,0x58,0x7f,0x58,0x7f,0x58,0x7f,0x58,0x7f,0x58,0x7f,
0x58,0x7f,0x58,0x7f,0x38,0x7f,0x38,0x7f,0x38,0x7f,0x38,0x7f,0x38,0x7f,0x38,0x7f,0x38,0x7f,0x38,0x7f,0x38,0x7f,0x38,0x7f,0x38,0x7f,0x38,0x7f,0x38,0x7f,0x38,0x7f,
0x38,0x7f,0x38,0x7f,0x38,0x7f,0x38,0x7f,0x38,0x7f,0x58,0x7f,0x58,0x7f,0x58,0x7f,0x58,0x7f,0x38,0x7f,0x58,0x7f,0x58,0x7f,0x38,0x7f,0x58,0x7f,0x58,0x7f,0x59,0x7f,
0x59,0x7f,0x59,0x7f,0x59,0x7f,0x59,0x7f,0x59,0x7f,0x59,0x7f,0x59,0x7f,0x59,0x7f,0x59,0x7f,0x59,0x7f,0x59,0x7f,0x59,0x7f,0x59,0x87,0x59,0x7f,0xb7,0x15,0x76,0x05,
0x76,0x05,0x38,0x2e,0x79,0x8f,0x59,0x7f,0x59,0x7f,0x79,0x87,0xf9,0x66,0x79,0x05,0x99,0x05,0x7a,0x05,0xda,0x5e,0x7a,0x87,0x5a,0x7f,0x5a,0x87,0x5a,0x7f,0x5a,0x7f,
0x5a,0x7f,0x5a,0x7f,0x7a,0x87,0x9a,0x8f,0x7a,0x87,0xda,0x6e,0xd9,0x3d,0xf9,0x0c,0x99,0x04,0x99,0x04,0xb9,0x04,0xd9,0x04,0xb9,0x04,0xb9,0x04,0xb9,0x04,0x99,0x04,
0xfa,0x04,0x57,0x04,0x2b,0x01,0xa9,0x00,0xea,0x00,0xc9,0x00,0xc9,0x00,0xea,0x00,0xa9,0x00,0x4b,0x01,0x57,0x04,0x3b,0x05,0xb9,0x04,0xfa,0x04,0x1a,0x05,0x3a,0x05,
0x5a,0x05,0x5a,0x05,0x3b,0x05,0x5b,0x05,0xbb,0x1d,0x9b,0x4e,0x5a,0x7f,0x9a,0x87,0x7a,0x7f,0x5a,0x7f,0x5a,0x7f,0x5a,0x7f,0x5a,0x7f,0x5a,0x7f,0x5a,0x7f,0x59,0x7f,
0x7a,0x87,0xd6,0x46,0x74,0x16,0x74,0x16,0x95,0x2e,0x59,0x87,0x59,0x7f,0x59,0x7f,0x59,0x7f,0x59,0x87,0x95,0x26,0x73,0x0e,0x53,0x0e,0xd6,0x46,0x59,0x87,0x59,0x7f,
0x59,0x7f,0x59,0x7f,0x59,0x7f,0x58,0x7f,0x58,0x7f,0x58,0x7f,0x58,0x7f,0x58,0x7f,0x58,0x7f,0x58,0x7f,0x58,0x7f,0x58,0x7f,0x58,0x7f,0x38,0x7f,0x38,0x7f,0x38,0x7f,
0x38,0x7f,0x38,0x7f,0x38,0x7f,0x38,0x7f,0x38,0x7f,0x38,0x7f,0x38,0x7f,0x38,0x7f,0x38,0x7f,0x38,0x7f,0x38,0x7f,0x38,0x7f,0x38,0x7f,0x38,0x7f,0x38,0x7f,0x38,0x7f,
0x58,0x7f,0x38,0x7f,0x58,0x7f,0x58,0x7f,0x58,0x7f,0x58,0x7f,0x38,0x7f,0x58,0x7f,0x58,0x7f,0x58,0x7f,0x58,0x7f,0x58,0x7f,0x58,0x7f,0x58,0x7f,0x59,0x7f,0x59,0x7f,
0x59,0x7f,0x59,0x7f,0x59,0x7f,0x59,0x7f,0x59,0x7f,0x59,0x87,0x59,0x7f,0x59,0x7f,0x79,0x87,0x19,0x6f,0x96,0x05,0x97,0x05,0x77,0x05,0x98,0x4e,0x79,0x8f,0x59,0x7f,
0x59,0x7f,0x79,0x8f,0x59,0x3e,0x79,0x05,0x99,0x05,0xb9,0x0d,0x59,0x7f,0x59,0x87,0x5a,0x87,0x5a,0x7f,0x7a,0x87,0x7a,0x87,0x7a,0x8f,0x7a,0x87,0x5a,0x7f,0x5a,0x7f,
0x5a,0x87,0x7a,0x87,0x9a,0x8f,0x3a,0x7f,0x59,0x56,0x59,0x25,0xb9,0x04,0x99,0x04,0xb9,0x04,0xd9,0x04,0xb9,0x04,0xb9,0x04,0x99,0x04,0xda,0x04,0x58,0x04,0x4b,0x01,
0xa9,0x00,0xc9,0x00,0xea,0x00,0x89,0x00,0x8c,0x01,0xb9,0x04,0x1a,0x05,0xd9,0x04,0x1a,0x05,0x1a,0x05,0x3a,0x05,0x3a,0x05,0x1a,0x05,0x3a,0x05,0xda,0x1d,0xba,0x56,
0x7a,0x7f,0x7a,0x87,0x5a,0x7f,0x5a,0x7f,0x5a,0x7f,0x5a,0x7f,0x7a,0x87,0x7a,0x8f,0x7a,0x87,0x5a,0x87,0x59,0x87,0x59,0x7f,0x7a,0x87,0x38,0x6f,0x74,0x16,0x74,0x1e,
0x74,0x16,0x38,0x6f,0x59,0x87,0x59,0x7f,0x59,0x7f,0x79,0x87,0xd6,0x3e,0x53,0x0e,0x53,0x0e,0x95,0x2e,0x59,0x87,0x59,0x7f,0x58,0x7f,0x58,0x7f,0x58,0x7f,0x58,0x7f,
0x58,0x7f,0x58,0x7f,0x58,0x7f,0x58,0x7f,0x58,0x7f,0x58,0x7f,0x58,0x7f,0x58,0x7f,0x58,0x7f,0x38,0x7f,0x38,0x7f,0x58,0x7f,0x38,0x7f,0x38,0x7f,0x38,0x7f,0x38,0x7f,
0x38,0x7f,0x38,0x7f,0x38,0x7f,0x38,0x7f,0x38,0x7f,0x38,0x7f,0x38,0x7f,0x38,0x7f,0x38,0x7f,0x38,0x7f,0x38,0x7f,0x38,0x7f,0x38,0x7f,0x38,0x7f,0x58,0x7f,0x58,0x7f,
0x58,0x7f,0x58,0x7f,0x58,0x7f,0x58,0x7f,0x58,0x7f,0x58,0x7f,0x58,0x7f,0x58,0x7f,0x58,0x87,0x58,0x87,0x58,0x87,0x59,0x87,0x58,0x87,0x59,0x87,0x59,0x7f,0x59,0x87,
0x59,0x87,0x59,0x87,0x59,0x87,0x59,0x7f,0x79,0x87,0xd8,0x5e,0x77,0x05,0x97,0x05,0x77,0x05,0xf8,0x66,0x79,0x87,0x59,0x7f,0x59,0x87,0x59,0x87,0xd9,0x1d,0x79,0x05,
0x79,0x05,0x39,0x2e,0x79,0x8f,0x59,0x7f,0x59,0x87,0x79,0x87,0x3a,0x77,0x3a,0x2e,0x3a,0x2e,0x3a,0x77,0x7a,0x87,0x5a,0x87,0x7a,0x87,0x5a,0x87,0x5a,0x7f,0x7a,0x87,
0x9a,0x8f,0x7a,0x87,0xda,0x66,0xd9,0x35,0xd9,0x0c,0x99,0x04,0xb9,0x04,0xd9,0x04,0xb9,0x04,0xb9,0x04,0xda,0x04,0x58,0x04,0x2a,0x01,0xa9,0x00,0xa9,0x00,0x6c,0x01,
0xb9,0x04,0xfa,0x04,0xd9,0x04,0xfa,0x04,0x1a,0x05,0x1a,0x05,0xfa,0x04,0x1a,0x05,0xda,0x25,0xda,0x5e,0x7a,0x87,0x7a,0x87,0x5a,0x7f,0x5a,0x7f,0x5a,0x7f,0x5a,0x7f,
0x59,0x7f,0x7a,0x87,0x16,0x67,0x6f,0x2e,0xb2,0x46,0x5a,0x87,0x59,0x87,0x59,0x87,0x59,0x87,0x59,0x87,0x95,0x26,0x74,0x1e,0x74,0x16,0xf7,0x4e,0x79,0x8f,0x59,0x7f,
0x59,0x7f,0x79,0x87,0xf7,0x56,0x53,0x0e,0x53,0x16,0x74,0x26,0x59,0x7f,0x58,0x7f,0x58,0x7f,0x58,0x7f,0x58,0x7f,0x58,0x7f,0x58,0x7f,0x58,0x7f,0x58,0x7f,0x58,0x7f,
0x58,0x7f,0x58,0x7f,0x58,0x7f,0x58,0x7f,0x58,0x7f,0x38,0x7f,0x58,0x7f,0x58,0x7f,0x38,0x7f,0x38,0x7f,0x38,0x7f,0x38,0x7f,0x38,0x7f,0x38,0x7f,0x38,0x7f,0x38,0x7f,
0x38,0x7f,0x38,0x7f,0x38,0x7f,0x38,0x7f,0x38,0x7f,0x38,0x7f,0x38,0x7f,0x38,0x7f,0x38,0x7f,0x38,0x7f,0x38,0x7f,0x58,0x87,0x58,0x7f,0x58,0x7f,0x58,0x7f,0x58,0x87,
0x58,0x7f,0x58,0x7f,0x58,0x87,0x58,0x87,0x58,0x87,0x58,0x87,0x58,0x87,0x58,0x87,0x58,0x87,0x58,0x87,0x58,0x87,0x58,0x87,0x59,0x87,0x59,0x87,0x59,0x87,0x59,0x7f,
0x79,0x8f,0xb8,0x56,0x77,0x05,0x97,0x05,0x97,0x05,0x19,0x77,0x79,0x87,0x59,0x7f,0x59,0x87,0x39,0x7f,0xb9,0x0d,0x99,0x05,0x79,0x05,0x99,0x4e,0x79,0x8f,0x59,0x7f,
0x59,0x7f,0x99,0x8f,0x5a,0x36,0x7a,0x05,0x7a,0x05,0x5a,0x36,0x9a,0x8f,0x5a,0x87,0x5a,0x87,0x5a,0x87,0x59,0x7f,0x59,0x7f,0x5a,0x7f,0x5a,0x7f,0x7a,0x87,0x9a,0x87,
0x1a,0x77,0x19,0x46,0xf9,0x0c,0x99,0x04,0xb9,0x04,0xd9,0x04,0xb9,0x04,0xfa,0x04,0x16,0x04,0xc9,0x00,0xea,0x00,0x57,0x04,0xfa,0x04,0xb9,0x04,0xf9,0x04,0xfa,0x04,
0xda,0x04,0xfa,0x04,0xda,0x2d,0xda,0x66,0x7a,0x87,0x7a,0x87,0x5a,0x7f,0x5a,0x7f,0x59,0x7f,0x59,0x7f,0x59,0x87,0x59,0x87,0x79,0x87,0x59,0x87,0x4d,0x16,0x0b,0x06,
0x0b,0x06,0x16,0x67,0x7a,0x8f,0x59,0x87,0x59,0x87,0x79,0x87,0xd5,0x3e,0x74,0x16,0x74,0x16,0xb5,0x3e,0x59,0x87,0x59,0x7f,0x59,0x7f,0x79,0x87,0x17,0x67,0x53,0x0e,
0x73,0x16,0x73,0x1e,0x38,0x77,0x58,0x87,0x58,0x7f,0x58,0x7f,0x58,0x7f,0x58,0x7f,0x58,0x7f,0x58,0x7f,0x58,0x7f,0x58,0x7f,0x58,0x7f,0x58,0x7f,0x58,0x7f,0x58,0x7f,
0x58,0x7f,0x58,0x7f,0x38,0x7f,0x38,0x7f,0x38,0x7f,0x58,0x7f,0x38,0x7f,0x38,0x7f,0x38,0x7f,0x38,0x7f,0x38,0x7f,0x38,0x7f,0x38,0x7f,0x38,0x7f,0x38,0x7f,0x38,0x7f,
0x58,0x87,0x38,0x87,0x38,0x87,0x58,0x87,0x58,0x87,0x58,0x87,0x58,0x87,0x38,0x87,0x58,0x87,0x58,0x87,0x58,0x87,0x58,0x87,0x58,0x87,0x58,0x87,0x58,0x87,0x58,0x87,
0x58,0x87,0x58,0x87,0x58,0x87,0x58,0x87,0x58,0x87,0x58,0x87,0x58,0x87,0x58,0x87,0x58,0x87,0x58,0x87,0x58,0x87,0x59,0x87,0x79,0x8f,0x98,0x4e,0x57,0x05,0x97,0x05,
0x97,0x0d,0x39,0x7f,0x59,0x87,0x59,0x87,0x79,0x87,0x19,0x77,0x99,0x05,0x99,0x05,0x79,0x05,0xd9,0x5e,0x79,0x8f,0x59,0x87,0x59,0x87,0x59,0x87,0xda,0x15,0x9a,0x05,
0x9a,0x05,0x5a,0x36,0x79,0x8f,0x59,0x87,0x59,0x87,0x79,0x87,0x7a,0x8f,0x7a,0x8f,0x7a,0x87,0x59,0x7f,0x59,0x7f,0x59,0x7f,0x7a,0x87,0x9a,0x87,0x3a,0x77,0x19,0x46,
0xd9,0x0c,0x99,0x04,0xd9,0x04,0xb9,0x04,0x1a,0x05,0x53,0x03,0x53,0x03,0x1a,0x05,0xb9,0x04,0xf9,0x04,0xd9,0x04,0xd9,0x04,0xba,0x25,0xda,0x66,0x7a,0x87,0x7a,0x87,
0x5a,0x7f,0x59,0x7f,0x59,0x7f,0x59,0x87,0x7a,0x87,0x7a,0x87,0x59,0x87,0x59,0x87,0x59,0x87,0x59,0x87,0x4e,0x1e,0x2c,0x0e,0x2c,0x06,0xb2,0x3e,0x7a,0x8f,0x59,0x87,
0x59,0x87,0x79,0x8f,0xf6,0x4e,0x73,0x16,0x74,0x1e,0xb5,0x2e,0x59,0x87,0x59,0x87,0x59,0x7f,0x59,0x87,0x17,0x6f,0x53,0x16,0x73,0x16,0x53,0x16,0x38,0x77,0x58,0x87,
0x58,0x7f,0x58,0x87,0x58,0x7f,0x58,0x7f,0x58,0x7f,0x58,0x7f,0x58,0x7f,0x58,0x7f,0x58,0x7f,0x58,0x7f,0x58,0x7f,0x58,0x7f,0x58,0x7f,0x58,0x7f,0x38,0x7f,0x38,0x7f,
0x38,0x7f,0x38,0x7f,0x38,0x7f,0x58,0x7f,0x38,0x7f,0x38,0x7f,0x38,0x7f,0x38,0x7f,0x38,0x7f,0x38,0x7f,0x38,0x7f,0x38,0x7f,0x58,0x87,0x38,0x87,0x58,0x87,0x38,0x87,
0x58,0x87,0x38,0x87,0x38,0x87,0x58,0x87,0x58,0x87,0x58,0x87,0x58,0x87,0x58,0x87,0x58,0x87,0x58,0x87,0x58,0x87,0x58,0x87,0x58,0x87,0x58,0x87,0x58,0x87,0x58,0x87,
0x58,0x87,0x58,0x87,0x58,0x87,0x58,0x87,0x58,0x87,0x58,0x87,0x58,0x87,0x58,0x87,0x79,0x8f,0x98,0x4e,0x57,0x05,0x77,0x05,0xb7,0x0d,0x39,0x7f,0x59,0x87,0x59,0x87,
0x79,0x8f,0xf9,0x6e,0x79,0x05,0x99,0x05,0x79,0x05,0xf9,0x66,0x79,0x8f,0x59,0x87,0x79,0x87,0x39,0x77,0x9a,0x05,0x9a,0x05,0x7a,0x05,0x9a,0x4e,0x79,0x8f,0x59,0x87,
0x79,0x87,0x59,0x7f,0xd7,0x56,0xd7,0x56,0x39,0x7f,0x7a,0x8f,0x7a,0x8f,0x59,0x87,0x59,0x7f,0x59,0x7f,0x59,0x7f,0x79,0x87,0x19,0x77,0xb9,0x2d,0xb9,0x04,0xb9,0x04,
0xb9,0x04,0xd9,0x04,0xd9,0x04,0xd9,0x04,0xd9,0x04,0xb9,0x04,0x79,0x1d,0xb9,0x5e,0x59,0x7f,0x79,0x7f,0x59,0x7f,0x59,0x7f,0x59,0x7f,0x7a,0x87,0x7a,0x8f,0x79,0x87,
0x17,0x6f,0x17,0x6f,0x79,0x87,0x59,0x87,0x59,0x87,0x7a,0x8f,0x90,0x36,0x2c,0x06,0x2c,0x06,0x90,0x2e,0x79,0x8f,0x59,0x87,0x59,0x87,0x79,0x8f,0xf6,0x56,0x73,0x16,
0x74,0x1e,0x94,0x2e,0x58,0x87,0x59,0x87,0x58,0x87,0x59,0x87,0x17,0x6f,0x53,0x16,0x73,0x16,0x53,0x16,0x37,0x6f,0x58,0x87,0x38,0x7f,0x58,0x87,0x58,0x87,0x58,0x87,
0x58,0x87,0x58,0x87,0x58,0x87,0x58,0x87,0x58,0x87,0x58,0x87,0x58,0x87,0x58,0x7f,0x58,0x87,0x38,0x87,0x38,0x87,0x38,0x7f,0x58,0x7f,0x58,0x7f,0x38,0x7f,0x38,0x7f,
0x38,0x7f,0x38,0x7f,0x38,0x7f,0x38,0x7f,0x38,0x7f,0x38,0x7f,0x37,0x7f,0x38,0x7f,0x38,0x87,0x38,0x87,0x38,0x87,0x38,0x87,0x38,0x87,0x58,0x87,0x58,0x87,0x58,0x87,
0x58,0x87,0x58,0x87,0x58,0x87,0x58,0x87,0x58,0x87,0x58,0x87,0x58,0x87,0x58,0x87,0x58,0x87,0x58,0x87,0x58,0x87,0x58,0x87,0x58,0x87,0x58,0x87,0x58,0x87,0x58,0x87,
0x58,0x87,0x58,0x87,0x58,0x87,0x58,0x87,0x79,0x8f,0x98,0x4e,0x77,0x05,0x77,0x05,0xb7,0x0d,0x39,0x7f,0x59,0x87,0x59,0x87,0x79,0x8f,0x19,0x6f,0x99,0x05,0x99,0x05,
0x79,0x05,0xf9,0x6e,0x79,0x8f,0x59,0x87,0x79,0x87,0x39,0x77,0x99,0x05,0x9a,0x05,0x7a,0x05,0xb9,0x4e,0x79,0x8f,0x59,0x87,0x79,0x87,0x56,0x2e,0xb4,0x05,0xd4,0x05,
0x14,0x0e,0x76,0x36,0x18,0x67,0x79,0x87,0x7a,0x8f,0x59,0x87,0x59,0x7f,0x39,0x7f,0x59,0x87,0x79,0x87,0x99,0x5e,0x19,0x15,0x99,0x04,0xb9,0x04,0xd9,0x04,0x99,0x04,
0xf9,0x0c,0x39,0x4e,0x59,0x77,0x59,0x7f,0x39,0x77,0x59,0x7f,0x59,0x7f,0x7a,0x87,0x7a,0x8f,0x38,0x77,0xd4,0x4e,0x50,0x1e,0x0d,0x06,0x0d,0x06,0xf5,0x5e,0x79,0x8f,
0x58,0x7f,0x7a,0x8f,0xb2,0x3e,0x2c,0x06,0x2c,0x06,0x90,0x2e,0x79,0x8f,0x58,0x87,0x58,0x87,0x79,0x8f,0xf6,0x4e,0x73,0x16,0x74,0x1e,0x94,0x2e,0x58,0x87,0x58,0x87,
0x58,0x87,0x59,0x8f,0x17,0x67,0x52,0x16,0x72,0x1e,0x52,0x16,0x17,0x6f,0x58,0x87,0x58,0x87,0x58,0x87,0x58,0x87,0x58,0x87,0x58,0x87,0x58,0x87,0x58,0x87,0x58,0x87,
0x58,0x87,0x58,0x87,0x38,0x87,0x58,0x87,0x38,0x87,0x58,0x87,0x38,0x87,0x58,0x87,0x38,0x87,0x38,0x87,0x38,0x7f,0x38,0x87,0x38,0x7f,0x38,0x7f,0x58,0x87,0x38,0x7f,
0x38,0x7f,0x38,0x87,0x37,0x7f,0x37,0x7f,0x38,0x87,0x38,0x87,0x38,0x87,0x38,0x87,0x58,0x87,0x38,0x87,0x38,0x87,0x58,0x87,0x58,0x87,0x58,0x87,0x58,0x87,0x58,0x87,
0x58,0x87,0x58,0x87,0x58,0x87,0x58,0x87,0x58,0x87,0x58,0x87,0x58,0x87,0x58,0x87,0x58,0x87,0x58,0x87,0x58,0x87,0x58,0x87,0x58,0x87,0x58,0x87,0x58,0x87,0x58,0x87,
0x78,0x8f,0xb8,0x56,0x77,0x05,0x97,0x05,0x97,0x05,0x38,0x7f,0x59,0x8f,0x59,0x87,0x59,0x87,0x19,0x77,0x98,0x05,0x99,0x05,0x79,0x05,0xd9,0x5e,0x79,0x8f,0x59,0x87,
0x59,0x87,0x59,0x87,0xd9,0x15,0x99,0x05,0x99,0x05,0x39,0x2e,0x79,0x8f,0x59,0x87,0x59,0x7f,0xf5,0x05,0xf5,0x05,0x15,0x06,0xf4,0x05,0xf4,0x05,0xf4,0x05,0x55,0x1e,
0xf7,0x5e,0x59,0x87,0x79,0x8f,0x59,0x87,0x59,0x7f,0x39,0x7f,0x79,0x87,0x39,0x77,0xf9,0x3d,0xd9,0x04,0x99,0x04,0x99,0x25,0xf9,0x6e,0x59,0x7f,0x39,0x77,0x39,0x77,
0x59,0x7f,0x79,0x8f,0x79,0x8f,0x37,0x6f,0x93,0x36,0x30,0x0e,0x0e,0x06,0x0e,0x06,0x2e,0x0e,0x0c,0x06,0xb2,0x3e,0x7a,0x97,0x58,0x87,0x79,0x8f,0x6f,0x26,0x2c,0x0e,
0x2c,0x06,0xb2,0x46,0x79,0x8f,0x58,0x87,0x58,0x87,0x79,0x8f,0xd6,0x46,0x73,0x16,0x73,0x1e,0xb4,0x2e,0x58,0x87,0x58,0x87,0x58,0x87,0x59,0x8f,0xf6,0x5e,0x52,0x16,
0x72,0x1e,0x52,0x16,0x37,0x77,0x58,0x87,0x58,0x87,0x58,0x87,0x58,0x87,0x58,0x87,0x58,0x87,0x58,0x87,0x58,0x87,0x58,0x87,0x58,0x87,0x58,0x87,0x58,0x87,0x58,0x87,
0x38,0x87,0x38,0x87,0x38,0x87,0x58,0x87,0x38,0x87,0x38,0x87,0x58,0x87,0x58,0x87,0x38,0x87,0x38,0x87,0x38,0x87,0x38,0x87,0x38,0x87,0x37,0x87,0x37,0x87,0x37,0x87,
0x58,0x87,0x38,0x87,0x38,0x87,0x38,0x87,0x38,0x87,0x38,0x87,0x38,0x87,0x38,0x87,0x58,0x87,0x58,0x87,0x58,0x87,0x58,0x87,0x58,0x87,0x58,0x87,0x58,0x87,0x58,0x87,
0x58,0x87,0x58,0x87,0x58,0x87,0x58,0x87,0x58,0x87,0x58,0x87,0x58,0x87,0x58,0x87,0x58,0x87,0x58,0x87,0x58,0x87,0x58,0x87,0x78,0x8f,0xd8,0x66,0x77,0x05,0x97,0x05,
0x77,0x05,0x18,0x77,0x78,0x8f,0x58,0x87,0x58,0x87,0x59,0x87,0xb8,0x15,0x98,0x05,0x78,0x05,0x79,0x46,0x79,0x8f,0x59,0x87,0x59,0x87,0x79,0x8f,0x79,0x3e,0x79,0x05,
0xb9,0x05,0x99,0x05,0xf9,0x66,0x79,0x8f,0x79,0x8f,0xd8,0x56,0x15,0x0e,0xf4,0x05,0xf4,0x05,0x14,0x06,0x14,0x06,0xf4,0x05,0xf4,0x05,0x35,0x1e,0xd7,0x56,0x59,0x87,
0x79,0x8f,0x59,0x87,0x39,0x7f,0x39,0x7f,0x79,0x87,0xd9,0x66,0x39,0x4e,0x59,0x7f,0x39,0x77,0x39,0x77,0x59,0x7f,0x79,0x8f,0x59,0x87,0x17,0x67,0x73,0x2e,0x11,0x06,
0x10,0x06,0x30,0x06,0x30,0x06,0x0f,0x06,0x0e,0x06,0x2f,0x16,0x37,0x77,0x79,0x8f,0x7a,0x97,0xd3,0x56,0x2c,0x06,0x2d,0x16,0x2c,0x0e,0x15,0x6f,0x79,0x8f,0x58,0x87,
0x58,0x87,0x58,0x8f,0xb5,0x36,0x73,0x1e,0x73,0x1e,0xd5,0x3e,0x58,0x8f,0x58,0x87,0x58,0x87,0x59,0x8f,0xd5,0x56,0x52,0x16,0x52,0x16,0x72,0x26,0x38,0x7f,0x58,0x87,
0x58,0x87,0x58,0x87,0x58,0x87,0x58,0x87,0x58,0x87,0x58,0x87,0x58,0x87,0x58,0x87,0x58,0x87,0x58,0x87,0x38,0x87,0x58,0x87,0x58,0x87,0x58,0x87,0x58,0x87,0x58,0x87,
0x38,0x87,0x37,0x87,0x38,0x87,0x38,0x87,0x37,0x87,0x37,0x87,0x37,0x87,0x37,0x87,0x37,0x87,0x37,0x87,0x37,0x87,0x37,0x87,0x37,0x87,0x37,0x87,0x57,0x87,0x38,0x87,
0x38,0x87,0x38,0x87,0x38,0x87,0x58,0x87,0x58,0x87,0x58,0x87,0x38,0x87,0x58,0x87,0x58,0x87,0x58,0x87,0x58,0x87,0x58,0x87,0x58,0x87,0x58,0x87,0x58,0x87,0x58,0x87,
0x58,0x87,0x58,0x87,0x58,0x87,0x58,0x87,0x58,0x87,0x58,0x87,0x58,0x87,0x58,0x87,0x58,0x8f,0x18,0x77,0x97,0x05,0x98,0x05,0x78,0x05,0xd8,0x5e,0x78,0x8f,0x58,0x87,
0x58,0x87,0x78,0x8f,0x18,0x2e,0x78,0x05,0x98,0x05,0xf9,0x1d,0x79,0x8f,0x59,0x87,0x59,0x87,0x79,0x8f,0x39,0x7f,0xb9,0x05,0x99,0x05,0x99,0x05,0xb9,0x05,0x19,0x6f,
0x79,0x8f,0x79,0x8f,0x59,0x7f,0xf7,0x5e,0x76,0x2e,0x14,0x06,0xf4,0x05,0x14,0x06,0x14,0x06,0x14,0x06,0xf3,0x05,0x34,0x16,0xd7,0x4e,0x39,0x7f,0x59,0x8f,0x59,0x87,
0x39,0x7f,0x59,0x7f,0x59,0x7f,0x39,0x7f,0x59,0x87,0x59,0x8f,0x38,0x7f,0xd6,0x56,0x53,0x1e,0x11,0x06,0x11,0x06,0x31,0x06,0x31,0x06,0x0f,0x06,0x0f,0x06,0x51,0x26,
0xd4,0x56,0x58,0x87,0x59,0x8f,0x79,0x8f,0xf5,0x66,0x2d,0x0e,0x2d,0x0e,0x2c,0x0e,0x8f,0x2e,0x79,0x8f,0x58,0x87,0x58,0x87,0x58,0x87,0x58,0x7f,0x94,0x26,0x94,0x1e,
0x73,0x16,0xf6,0x56,0x58,0x8f,0x58,0x87,0x58,0x87,0x58,0x8f,0xb4,0x3e,0x52,0x16,0x51,0x16,0x93,0x2e,0x58,0x87,0x38,0x87,0x58,0x87,0x58,0x87,0x58,0x87,0x58,0x87,
0x58,0x87,0x58,0x87,0x58,0x87,0x58,0x87,0x58,0x87,0x38,0x87,0x58,0x87,0x58,0x87,0x58,0x87,0x37,0x87,0x37,0x87,0x37,0x87,0x57,0x87,0x37,0x87,0x37,0x87,0x37,0x87,
0x37,0x87,0x37,0x87,0x37,0x87,0x37,0x87,0x37,0x87,0x37,0x87,0x37,0x87,0x37,0x87,0x37,0x87,0x37,0x87,0x37,0x87,0x37,0x87,0x57,0x87,0x37,0x87,0x38,0x87,0x38,0x87,
0x37,0x87,0x58,0x87,0x58,0x87,0x58,0x87,0x58,0x87,0x58,0x87,0x58,0x87,0x58,0x87,0x58,0x87,0x58,0x87,0x58,0x87,0x58,0x87,0x58,0x87,0x58,0x87,0x58,0x87,0x58,0x87,
0x58,0x87,0x58,0x87,0x58,0x87,0x58,0x87,0x58,0x87,0x58,0x87,0xb8,0x0d,0x78,0x05,0x78,0x05,0x58,0x3e,0x78,0x97,0x58,0x87,0x58,0x87,0x78,0x97,0x98,0x4e,0x78,0x05,
0x98,0x05,0x99,0x05,0x19,0x77,0x79,0x8f,0x59,0x87,0x59,0x87,0x79,0x97,0x99,0x4e,0x79,0x05,0xb9,0x05,0x99,0x05,0xf9,0x15,0x59,0x87,0x59,0x87,0x59,0x8f,0x79,0x8f,
0x79,0x97,0x38,0x7f,0xb6,0x46,0x14,0x0e,0xf4,0x05,0x14,0x06,0x14,0x06,0x14,0x06,0xf3,0x05,0x34,0x0e,0x96,0x3e,0x17,0x67,0x38,0x7f,0x59,0x87,0x59,0x87,0x38,0x7f,
0x17,0x67,0x95,0x3e,0x33,0x0e,0x12,0x06,0x12,0x06,0x32,0x06,0x11,0x06,0x11,0x06,0x11,0x06,0x73,0x2e,0x16,0x6f,0x79,0x8f,0x79,0x97,0x58,0x8f,0x58,0x8f,0x37,0x7f,
0x4e,0x16,0x2d,0x0e,0x2d,0x0e,0x2c,0x06,0x16,0x6f,0x79,0x8f,0x58,0x87,0x58,0x87,0x78,0x8f,0x16,0x5f,0x73,0x16,0x94,0x26,0x73,0x1e,0x37,0x77,0x58,0x8f,0x58,0x87,
0x58,0x87,0x58,0x87,0x73,0x26,0x52,0x1e,0x51,0x16,0xb4,0x46,0x58,0x8f,0x37,0x87,0x58,0x87,0x58,0x87,0x58,0x87,0x58,0x87,0x58,0x87,0x58,0x87,0x58,0x87,0x57,0x87,
0x57,0x87,0x58,0x87,0x37,0x87,0x57,0x87,0x57,0x87,0x37,0x87,0x37,0x87,0x57,0x87,0x57,0x87,0x57,0x87,0x37,0x87,0x37,0x87,0x37,0x87,0x57,0x87,0x37,0x87,0x37,0x87,
0x37,0x87,0x37,0x87,0x37,0x87,0x37,0x87,0x57,0x87,0x37,0x87,0x37,0x87,0x37,0x87,0x37,0x87,0x37,0x87,0x37,0x87,0x37,0x87,0x37,0x87,0x57,0x87,0x57,0x87,0x57,0x87,
0x57,0x87,0x57,0x87,0x57,0x87,0x58,0x87,0x58,0x87,0x58,0x87,0x58,0x87,0x58,0x87,0x58,0x87,0x58,0x87,0x58,0x87,0x58,0x87,0x58,0x87,0x58,0x87,0x58,0x87,0x58,0x87,
0x58,0x87,0x78,0x8f,0xf8,0x25,0x78,0x05,0x78,0x05,0xd8,0x15,0x58,0x8f,0x58,0x87,0x58,0x87,0x58,0x8f,0x18,0x77,0x98,0x05,0x98,0x05,0x78,0x05,0x58,0x3e,0x78,0x97,
0x58,0x87,0x58,0x8f,0x58,0x87,0x79,0x97,0x59,0x36,0x99,0x05,0x99,0x05,0xb9,0x05,0x39,0x7f,0x59,0x8f,0x59,0x87,0x58,0x87,0x58,0x87,0x79,0x8f,0x79,0x97,0x58,0x7f,
0xb6,0x46,0x34,0x0e,0xf3,0x05,0x14,0x06,0x34,0x06,0x14,0x06,0x13,0x06,0x13,0x06,0x34,0x0e,0x54,0x1e,0x54,0x1e,0x34,0x0e,0x13,0x06,0x12,0x06,0x13,0x06,0x33,0x06,
0x32,0x06,0x11,0x06,0x32,0x0e,0x94,0x3e,0x37,0x77,0x79,0x97,0x79,0x8f,0x58,0x87,0x58,0x87,0x58,0x87,0x79,0x8f,0x37,0x77,0x2d,0x0e,0x2d,0x06,0x2c,0x06,0xd3,0x56,
0x79,0x8f,0x58,0x87,0x58,0x8f,0x58,0x87,0x58,0x8f,0xb4,0x36,0x73,0x1e,0x73,0x1e,0xb4,0x36,0x58,0x8f,0x58,0x87,0x58,0x87,0x58,0x8f,0x16,0x6f,0x51,0x16,0x71,0x1e,
0x51,0x16,0xf5,0x5e,0x58,0x8f,0x57,0x87,0x58,0x87,0x57,0x87,0x57,0x87,0x58,0x87,0x57,0x87,0x57,0x87,0x57,0x87,0x57,0x87,0x57,0x87,0x57,0x87,0x57,0x87,0x57,0x87,
0x57,0x87,0x37,0x87,0x57,0x87,0x37,0x87,0x57,0x87,0x57,0x87,0x37,0x87,0x37,0x87,0x37,0x87,0x37,0x87,0x37,0x87,0x37,0x87,0x37,0x87,0x37,0x87,0x37,0x87,0x37,0x87,
0x37,0x87,0x37,0x87,0x57,0x87,0x37,0x87,0x37,0x87,0x37,0x87,0x57,0x87,0x37,0x87,0x57,0x87,0x57,0x87,0x57,0x87,0x57,0x87,0x57,0x87,0x57,0x87,0x57,0x87,0x57,0x87,
0x57,0x87,0x58,0x87,0x57,0x87,0x58,0x87,0x58,0x87,0x58,0x8f,0x58,0x8f,0x58,0x8f,0x58,0x8f,0x58,0x8f,0x58,0x8f,0x58,0x8f,0x38,0x87,0x78,0x97,0x78,0x4e,0x58,0x05,
0x98,0x05,0x78,0x05,0xf8,0x6e,0x78,0x8f,0x58,0x87,0x58,0x87,0x78,0x97,0x18,0x2e,0x78,0x05,0x98,0x05,0x98,0x05,0x18,0x77,0x78,0x97,0x58,0x87,0x58,0x8f,0x58,0x8f,
0x78,0x8f,0x79,0x46,0xf9,0x1d,0xb9,0x5e,0x78,0x97,0x59,0x8f,0x58,0x8f,0x58,0x8f,0x58,0x8f,0x58,0x87,0x58,0x87,0x58,0x8f,0x79,0x97,0x58,0x87,0xd6,0x4e,0x34,0x16,
0xf3,0x05,0x13,0x06,0x34,0x06,0x34,0x06,0x13,0x06,0x13,0x06,0x13,0x06,0x13,0x06,0x33,0x06,0x33,0x06,0x12,0x06,0x12,0x06,0x53,0x16,0xd5,0x4e,0x38,0x7f,0x79,0x97,
0x78,0x8f,0x58,0x87,0x58,0x87,0x58,0x8f,0x58,0x8f,0x58,0x8f,0x58,0x8f,0x58,0x8f,0xf4,0x5e,0x91,0x36,0xf5,0x66,0x79,0x97,0x58,0x87,0x58,0x8f,0x58,0x87,0x78,0x97,
0xf6,0x5e,0x73,0x16,0x93,0x26,0x73,0x16,0x16,0x67,0x58,0x8f,0x58,0x87,0x58,0x87,0x58,0x97,0xd4,0x4e,0x51,0x16,0x51,0x1e,0x51,0x1e,0x37,0x7f,0x58,0x8f,0x57,0x87,
0x57,0x87,0x57,0x87,0x57,0x87,0x57,0x87,0x57,0x87,0x57,0x87,0x57,0x87,0x57,0x87,0x57,0x87,0x57,0x87,0x57,0x87,0x57,0x87,0x57,0x87,0x57,0x87,0x57,0x87,0x57,0x87,
0x37,0x87,0x57,0x87,0x37,0x87,0x37,0x87,0x37,0x87,0x37,0x87,0x37,0x87,0x57,0x87,0x57,0x87,0x37,0x87,0x37,0x87,0x37,0x87,0x57,0x87,0x37,0x87,0x37,0x87,0x57,0x87,
0x37,0x87,0x37,0x8f,0x57,0x87,0x57,0x87,0x57,0x8f,0x57,0x8f,0x57,0x87,0x57,0x87,0x57,0x8f,0x57,0x8f,0x57,0x8f,0x57,0x8f,0x57,0x8f,0x57,0x8f,0x57,0x8f,0x57,0x8f,
0x58,0x8f,0x57,0x8f,0x58,0x8f,0x58,0x8f,0x58,0x8f,0x58,0x8f,0x58,0x8f,0x58,0x8f,0x58,0x8f,0x78,0x8f,0x18,0x77,0x78,0x05,0x98,0x05,0x78,0x05,0x58,0x3e,0x78,0x97,
0x58,0x87,0x58,0x8f,0x78,0x97,0xf8,0x6e,0x98,0x05,0x98,0x05,0x78,0x05,0xd8,0x1d,0x58,0x8f,0x78,0x8f,0x58,0x8f,0x58,0x8f,0x58,0x8f,0x78,0x97,0x78,0x8f,0x78,0x97,
0x58,0x8f,0x58,0x8f,0x58,0x8f,0x79,0x97,0x78,0x8f,0x79,0x97,0x58,0x8f,0x58,0x87,0x58,0x87,0x58,0x8f,0x79,0x97,0x58,0x87,0xd7,0x5e,0x75,0x26,0x14,0x06,0x13,0x06,
0x13,0x06,0x13,0x06,0x13,0x06,0x13,0x06,0x13,0x06,0x33,0x06,0x74,0x2e,0xf6,0x5e,0x58,0x87,0x79,0x97,0x58,0x8f,0x58,0x87,0x58,0x87,0x78,0x8f,0x79,0x97,0x58,0x8f,
0x78,0x8f,0x58,0x8f,0x58,0x8f,0x58,0x8f,0x78,0x97,0x79,0x97,0x78,0x97,0x58,0x8f,0x58,0x8f,0x58,0x87,0x78,0x97,0x37,0x77,0x73,0x1e,0x73,0x1e,0x73,0x1e,0xb4,0x36,
0x58,0x8f,0x58,0x8f,0x58,0x8f,0x58,0x8f,0x57,0x87,0x72,0x26,0x51,0x1e,0x50,0x16,0x92,0x36,0x58,0x8f,0x57,0x87,0x57,0x87,0x57,0x87,0x57,0x87,0x57,0x8f,0x57,0x87,
0x57,0x87,0x57,0x87,0x57,0x87,0x57,0x87,0x57,0x87,0x57,0x87,0x57,0x87,0x57,0x87,0x57,0x87,0x57,0x87,0x57,0x87,0x57,0x87,0x37,0x87,0x57,0x87,0x37,0x87,0x37,0x87,
0x37,0x87,0x37,0x87,0x37,0x87,0x37,0x87,0x37,0x87,0x37,0x87,0x57,0x87,0x37,0x87,0x57,0x8f,0x37,0x8f,0x37,0x8f,0x57,0x8f,0x57,0x8f,0x57,0x8f,0x57,0x8f,0x57,0x8f,
0x57,0x8f,0x57,0x8f,0x57,0x8f,0x57,0x8f,0x57,0x8f,0x57,0x8f,0x57,0x8f,0x57,0x8f,0x57,0x8f,0x57,0x8f,0x57,0x8f,0x57,0x8f,0x57,0x8f,0x57,0x8f,0x57,0x8f,0x57,0x8f,
0x57,0x8f,0x58,0x8f,0x58,0x8f,0x58,0x8f,0x58,0x8f,0x58,0x8f,0x58,0x8f,0xd8,0x1d,0x79,0x05,0x99,0x05,0xb9,0x0d,0x38,0x87,0x58,0x8f,0x58,0x8f,0x58,0x8f,0x78,0x97,
0x58,0x3e,0x78,0x05,0xb8,0x05,0x78,0x05,0x18,0x2e,0x58,0x8f,0x78,0x8f,0x58,0x8f,0x58,0x8f,0x58,0x8f,0x58,0x8f,0x58,0x8f,0x58,0x8f,0x78,0x8f,0x58,0x87,0x75,0x2e,
0x54,0x1e,0xb6,0x4e,0x38,0x87,0x79,0x97,0x78,0x8f,0x58,0x87,0x58,0x8f,0x58,0x8f,0x79,0x97,0x78,0x8f,0x38,0x7f,0xf6,0x5e,0xb6,0x46,0x95,0x36,0x75,0x2e,0x95,0x3e,
0xf6,0x5e,0x38,0x7f,0x78,0x97,0x79,0x97,0x58,0x8f,0x58,0x87,0x58,0x8f,0x78,0x97,0x79,0x97,0x37,0x7f,0x92,0x3e,0x2f,0x16,0x91,0x3e,0x58,0x8f,0x58,0x8f,0x58,0x8f,
0x58,0x8f,0x58,0x8f,0x58,0x8f,0x58,0x8f,0x58,0x8f,0x58,0x97,0x37,0x7f,0x93,0x26,0x73,0x1e,0x73,0x26,0x73,0x1e,0x17,0x6f,0x58,0x97,0x57,0x8f,0x57,0x87,0x58,0x97,
0xf5,0x66,0x50,0x16,0x71,0x1e,0x50,0x16,0xf5,0x5e,0x58,0x97,0x57,0x87,0x57,0x8f,0x57,0x8f,0x57,0x8f,0x57,0x8f,0x57,0x8f,0x57,0x87,0x57,0x87,0x57,0x87,0x57,0x87,
0x57,0x8f,0x57,0x87,0x57,0x87,0x57,0x8f,0x57,0x87,0x57,0x87,0x57,0x87,0x57,0x8f,0x57,0x87,0x37,0x87,0x37,0x87,0x57,0x87,0x37,0x87,0x57,0x87,0x57,0x87,0x57,0x87,
0x57,0x87,0x57,0x87,0x37,0x87,0x57,0x87,0x37,0x8f,0x57,0x8f,0x37,0x8f,0x57,0x8f,0x57,0x8f,0x57,0x8f,0x57,0x8f,0x57,0x8f,0x57,0x8f,0x57,0x8f,0x57,0x8f,0x57,0x8f,
0x57,0x8f,0x57,0x8f,0x57,0x8f,0x57,0x8f,0x57,0x8f,0x57,0x8f,0x57,0x8f,0x57,0x8f,0x57,0x8f,0x57,0x8f,0x57,0x8f,0x57,0x8f,0x57,0x8f,0x57,0x8f,0x58,0x8f,0x57,0x8f,
0x58,0x8f,0x58,0x8f,0x78,0x97,0x98,0x56,0x79,0x05,0x99,0x05,0x79,0x05,0x78,0x4e,0x78,0x97,0x58,0x8f,0x58,0x8f,0x58,0x8f,0x58,0x8f,0xf8,0x1d,0x78,0x05,0xb8,0x05,
0x77,0x05,0xf7,0x25,0x58,0x87,0x58,0x8f,0x58,0x8f,0x58,0x8f,0x58,0x8f,0x58,0x8f,0x58,0x8f,0x79,0x97,0xf7,0x5e,0xf3,0x05,0x14,0x06,0xf3,0x05,0x34,0x0e,0xb6,0x46,
0x38,0x87,0x79,0x97,0x78,0x97,0x58,0x8f,0x58,0x87,0x58,0x8f,0x58,0x8f,0x78,0x97,0x78,0x97,0x78,0x97,0x78,0x97,0x78,0x97,0x78,0x97,0x58,0x8f,0x58,0x8f,0x58,0x8f,
0x58,0x8f,0x78,0x97,0x79,0x97,0x37,0x7f,0x93,0x3e,0x2f,0x0e,0x0e,0x06,0x2e,0x06,0x0d,0x06,0x36,0x7f,0x58,0x97,0x58,0x8f,0x58,0x8f,0x58,0x8f,0x58,0x8f,0x58,0x8f,
0x58,0x8f,0x37,0x77,0x73,0x26,0x73,0x1e,0x93,0x26,0x72,0x16,0xd5,0x4e,0x58,0x97,0x58,0x8f,0x57,0x8f,0x57,0x8f,0x58,0x8f,0x92,0x2e,0x51,0x16,0x51,0x16,0x71,0x26,
0x37,0x87,0x57,0x8f,0x57,0x8f,0x57,0x8f,0x57,0x8f,0x57,0x8f,0x57,0x8f,0x57,0x8f,0x57,0x8f,0x57,0x8f,0x57,0x8f,0x57,0x8f,0x57,0x8f,0x57,0x8f,0x57,0x8f,0x57,0x8f,
0x57,0x8f,0x57,0x8f,0x57,0x8f,0x57,0x8f,0x57,0x87,0x57,0x8f,0x37,0x8f,0x57,0x8f,0x37,0x87,0x37,0x87,0x57,0x87,0x57,0x8f,0x57,0x8f,0x37,0x87,0x37,0x87,0x37,0x87,
0x57,0x8f,0x37,0x8f,0x57,0x8f,0x57,0x8f,0x57,0x8f,0x57,0x8f,0x57,0x8f,0x57,0x8f,0x57,0x8f,0x57,0x8f,0x57,0x8f,0x57,0x8f,0x57,0x8f,0x57,0x8f,0x57,0x8f,0x57,0x8f,
0x57,0x8f,0x57,0x8f,0x57,0x8f,0x57,0x8f,0x57,0x8f,0x57,0x8f,0x57,0x8f,0x57,0x8f,0x57,0x8f,0x57,0x8f,0x57,0x8f,0x57,0x8f,0x57,0x8f,0x57,0x8f,0x57,0x8f,0x58,0x87,
0xb9,0x0d,0x99,0x05,0x99,0x05,0xb9,0x0d,0x38,0x87,0x58,0x8f,0x58,0x8f,0x58,0x8f,0x58,0x97,0x38,0x87,0xb7,0x15,0x77,0x05,0xb7,0x05,0x77,0x05,0x78,0x46,0x78,0x97,
0x58,0x8f,0x58,0x8f,0x58,0x8f,0x58,0x8f,0x58,0x8f,0x78,0x97,0x17,0x77,0x14,0x06,0x14,0x06,0x34,0x06,0x14,0x06,0xf3,0x05,0x33,0x0e,0x95,0x46,0x37,0x7f,0x78,0x97,
0x78,0x97,0x58,0x8f,0x58,0x8f,0x58,0x8f,0x58,0x8f,0x58,0x8f,0x58,0x8f,0x58,0x8f,0x58,0x8f,0x58,0x8f,0x58,0x97,0x78,0x97,0x78,0x97,0x16,0x77,0x93,0x36,0x10,0x06,
0x0f,0x06,0x30,0x06,0x2f,0x0e,0x0e,0x06,0x50,0x1e,0x57,0x8f,0x58,0x8f,0x58,0x8f,0x58,0x8f,0x58,0x8f,0x58,0x8f,0x58,0x8f,0x58,0x8f,0x94,0x2e,0x73,0x1e,0x93,0x26,
0x72,0x16,0xd5,0x46,0x58,0x8f,0x57,0x8f,0x58,0x8f,0x57,0x8f,0x78,0x97,0xf5,0x5e,0x50,0x0e,0x71,0x1e,0x50,0x0e,0xd4,0x4e,0x58,0x97,0x57,0x8f,0x57,0x8f,0x57,0x8f,
0x57,0x8f,0x57,0x8f,0x57,0x8f,0x57,0x8f,0x57,0x8f,0x57,0x8f,0x37,0x8f,0x57,0x8f,0x57,0x8f,0x57,0x8f,0x57,0x8f,0x57,0x8f,0x57,0x8f,0x57,0x8f,0x57,0x8f,0x57,0x8f,
0x57,0x8f,0x57,0x8f,0x57,0x8f,0x37,0x8f,0x37,0x8f,0x37,0x8f,0x57,0x8f,0x37,0x8f,0x57,0x8f,0x37,0x8f,0x37,0x8f,0x37,0x8f,0x57,0x8f,0x57,0x8f,0x57,0x8f,0x57,0x8f,
0x57,0x8f,0x57,0x8f,0x57,0x8f,0x57,0x8f,0x57,0x8f,0x57,0x8f,0x57,0x8f,0x57,0x8f,0x57,0x8f,0x57,0x8f,0x57,0x8f,0x57,0x8f,0x57,0x8f,0x57,0x8f,0x57,0x8f,0x57,0x8f,
0x57,0x8f,0x57,0x8f,0x57,0x8f,0x57,0x8f,0x57,0x8f,0x57,0x8f,0x57,0x8f,0x57,0x8f,0x57,0x8f,0x57,0x8f,0x57,0x8f,0x77,0x9f,0x98,0x56,0x79,0x05,0xb9,0x05,0x79,0x05,
0x39,0x2e,0x78,0x97,0x58,0x8f,0x58,0x8f,0x58,0x8f,0x78,0x97,0x38,0x87,0xd7,0x1d,0x77,0x05,0x77,0x05,0x97,0x56,0x78,0x97,0x58,0x8f,0x58,0x8f,0x58,0x8f,0x58,0x8f,
0x58,0x8f,0x58,0x8f,0x78,0x97,0x17,0x6f,0x54,0x26,0xf3,0x05,0x13,0x06,0x13,0x06,0x13,0x06,0xf3,0x05,0x13,0x06,0x74,0x36,0xf7,0x66,0x58,0x8f,0x78,0x97,0x78,0x97,
0x78,0x97,0x78,0x97,0x78,0x97,0x78,0x97,0x78,0x9f,0x78,0x97,0x37,0x87,0xd5,0x5e,0x73,0x26,0x11,0x06,0x10,0x06,0x30,0x06,0x30,0x06,0x0f,0x06,0x0f,0x06,0x92,0x36,
0x37,0x7f,0x58,0x97,0x57,0x8f,0x58,0x8f,0x58,0x8f,0x58,0x8f,0x58,0x8f,0x58,0x8f,0x58,0x8f,0x94,0x2e,0x52,0x16,0x73,0x16,0xd5,0x56,0x58,0x97,0x57,0x8f,0x57,0x8f,
0x57,0x8f,0x58,0x97,0x37,0x87,0x51,0x1e,0x51,0x16,0x50,0x16,0x51,0x1e,0x37,0x87,0x57,0x8f,0x57,0x8f,0x57,0x8f,0x57,0x8f,0x57,0x8f,0x57,0x8f,0x57,0x8f,0x57,0x8f,
0x57,0x8f,0x57,0x8f,0x57,0x8f,0x57,0x8f,0x57,0x8f,0x57,0x8f,0x57,0x8f,0x57,0x8f,0x57,0x8f,0x57,0x8f,0x57,0x8f,0x57,0x8f,0x57,0x8f,0x57,0x8f,0x57,0x8f,0x57,0x8f,
0x57,0x8f,0x57,0x8f,0x57,0x8f,0x57,0x8f,0x37,0x8f,0x37,0x8f,0x37,0x8f,0x37,0x8f,0x57,0x8f,0x57,0x8f,0x57,0x8f,0x57,0x8f,0x57,0x8f,0x57,0x8f,0x57,0x8f,0x57,0x8f,
0x57,0x8f,0x57,0x8f,0x57,0x8f,0x57,0x8f,0x57,0x8f,0x57,0x8f,0x57,0x8f,0x57,0x8f,0x57,0x8f,0x57,0x8f,0x57,0x8f,0x57,0x8f,0x57,0x8f,0x57,0x8f,0x57,0x8f,0x57,0x8f,
0x57,0x8f,0x57,0x8f,0x57,0x8f,0x57,0x8f,0x57,0x8f,0x57,0x8f,0x57,0x8f,0x57,0x8f,0x77,0x97,0xf9,0x25,0x79,0x05,0xb9,0x05,0x79,0x05,0x98,0x4e,0x77,0x9f,0x58,0x8f,
0x58,0x8f,0x57,0x8f,0x78,0x97,0x58,0x8f,0x77,0x46,0x98,0x4e,0x78,0x97,0x58,0x8f,0x58,0x8f,0x58,0x8f,0x58,0x8f,0x58,0x8f,0x58,0x8f,0x58,0x8f,0x58,0x8f,0x78,0x97,
0x78,0x97,0xf6,0x66,0x54,0x26,0xf3,0x05,0xf3,0x05,0x13,0x06,0x13,0x06,0xf3,0x05,0xf3,0x05,0x33,0x0e,0x75,0x2e,0xd6,0x4e,0xf6,0x66,0x17,0x77,0x17,0x6f,0xd6,0x5e,
0xb5,0x46,0x73,0x26,0x32,0x06,0xf1,0x05,0x11,0x06,0x31,0x06,0x31,0x06,0x10,0x06,0x10,0x06,0x92,0x36,0x16,0x77,0x78,0x97,0x58,0x97,0x57,0x8f,0x58,0x8f,0x58,0x8f,
0x58,0x8f,0x58,0x8f,0x57,0x8f,0x57,0x8f,0x58,0x97,0x37,0x7f,0xd5,0x4e,0x16,0x77,0x78,0x97,0x57,0x8f,0x57,0x8f,0x57,0x8f,0x57,0x8f,0x58,0x97,0x93,0x36,0x51,0x16,
0x71,0x1e,0x30,0x0e,0xf4,0x5e,0x78,0x97,0x57,0x8f,0x57,0x8f,0x57,0x8f,0x57,0x8f,0x57,0x8f,0x57,0x8f,0x57,0x8f,0x57,0x8f,0x57,0x8f,0x57,0x8f,0x57,0x8f,0x57,0x8f,
0x57,0x8f,0x57,0x8f,0x57,0x8f,0x57,0x8f,0x57,0x8f,0x57,0x8f,0x57,0x8f,0x57,0x8f,0x57,0x8f,0x37,0x8f,0x57,0x8f,0x37,0x8f,0x57,0x8f,0x37,0x8f,0x57,0x8f,0x37,0x8f,
0x57,0x8f,0x57,0x8f,0x37,0x8f,0x57,0x8f,0x57,0x8f,0x57,0x8f,0x57,0x8f,0x37,0x8f,0x57,0x8f,0x57,0x8f,0x57,0x8f,0x57,0x8f,0x57,0x8f,0x57,0x8f,0x57,0x8f,0x57,0x8f,
0x57,0x8f,0x57,0x8f,0x57,0x8f,0x57,0x8f,0x57,0x8f,0x57,0x8f,0x57,0x8f,0x57,0x8f,0x57,0x8f,0x57,0x8f,0x57,0x8f,0x57,0x8f,0x57,0x8f,0x57,0x8f,0x57,0x8f,0x57,0x8f,
0x57,0x8f,0x57,0x8f,0x57,0x8f,0x57,0x8f,0x57,0x97,0x18,0x7f,0xb9,0x05,0x99,0x05,0xb9,0x05,0x99,0x05,0xd8,0x66,0x77,0x9f,0x57,0x8f,0x57,0x8f,0x57,0x8f,0x58,0x97,
0x78,0x9f,0x78,0x97,0x58,0x8f,0x58,0x8f,0x58,0x8f,0x58,0x8f,0x58,0x8f,0x58,0x8f,0x58,0x8f,0x58,0x8f,0x58,0x8f,0x58,0x8f,0x58,0x8f,0x78,0x97,0x78,0x97,0xf6,0x66,
0x54,0x26,0xf3,0x05,0xf3,0x05,0x13,0x06,0x13,0x06,0x13,0x06,0x13,0x06,0x12,0x06,0x12,0x06,0x12,0x06,0x12,0x06,0xf2,0x05,0xf2,0x05,0x12,0x06,0x12,0x06,0x32,0x06,
0x11,0x06,0x11,0x06,0x31,0x06,0x93,0x3e,0x16,0x77,0x78,0x97,0x58,0x97,0x57,0x8f,0x57,0x8f,0x57,0x8f,0x58,0x8f,0x58,0x8f,0x58,0x8f,0x57,0x8f,0x57,0x8f,0x57,0x8f,
0x57,0x8f,0x58,0x97,0x78,0x97,0x58,0x97,0x57,0x8f,0x57,0x8f,0x57,0x8f,0x57,0x8f,0x58,0x97,0xb4,0x46,0x50,0x0e,0x71,0x1e,0x50,0x0e,0x92,0x36,0x57,0x97,0x57,0x8f,
0x57,0x8f,0x57,0x8f,0x57,0x8f,0x57,0x8f,0x57,0x8f,0x57,0x8f,0x57,0x8f,0x57,0x8f,0x57,0x8f,0x57,0x8f,0x57,0x8f,0x57,0x8f,0x57,0x8f,0x57,0x8f,0x57,0x8f,0x57,0x8f,
0x57,0x8f,0x57,0x8f,0x57,0x8f,0x57,0x8f,0x57,0x8f,0x57,0x8f,0x57,0x8f,0x57,0x8f,0x57,0x8f,0x57,0x8f,0x57,0x8f,0x57,0x8f,0x57,0x8f,0x57,0x8f,0x57,0x8f,0x37,0x8f,
0x57,0x8f,0x57,0x8f,0x57,0x8f,0x57,0x8f,0x57,0x8f,0x57,0x8f,0x57,0x8f,0x57,0x8f,0x57,0x8f,0x57,0x8f,0x57,0x8f,0x57,0x8f,0x57,0x8f,0x57,0x8f,0x57,0x8f,0x57,0x8f,
0x57,0x8f,0x57,0x8f,0x57,0x8f,0x57,0x8f,0x57,0x8f,0x57,0x8f,0x57,0x8f,0x57,0x8f,0x57,0x8f,0x57,0x8f,0x57,0x8f,0x57,0x8f,0x57,0x8f,0x57,0x8f,0x57,0x8f,0x57,0x8f,
0x57,0x8f,0x77,0x9f,0xb8,0x5e,0x79,0x05,0xb9,0x05,0x99,0x05,0x99,0x05,0xf8,0x6e,0x77,0x97,0x57,0x8f,0x57,0x8f,0x57,0x8f,0x58,0x8f,0x58,0x8f,0x58,0x8f,0x58,0x8f,
0x58,0x8f,0x58,0x8f,0x58,0x97,0x58,0x97,0x58,0x97,0x58,0x8f,0x58,0x8f,0x58,0x8f,0x58,0x8f,0x58,0x8f,0x58,0x8f,0x78,0x97,0x78,0x97,0x16,0x6f,0x74,0x2e,0x13,0x06,
0xf3,0x05,0x13,0x06,0x13,0x06,0x13,0x06,0x13,0x06,0x13,0x06,0x33,0x06,0x12,0x06,0x12,0x06,0x12,0x06,0xf1,0x05,0xf1,0x05,0x32,0x16,0xb4,0x46,0x37,0x7f,0x78,0x9f,
0x78,0x97,0x57,0x8f,0x57,0x8f,0x57,0x8f,0x57,0x8f,0x57,0x8f,0x57,0x8f,0x57,0x8f,0x57,0x8f,0x57,0x8f,0x57,0x8f,0x57,0x8f,0x57,0x8f,0x57,0x8f,0x57,0x8f,0x57,0x8f,
0x57,0x8f,0x57,0x8f,0x57,0x8f,0x58,0x97,0xd4,0x4e,0x50,0x0e,0x71,0x1e,0x50,0x16,0x51,0x1e,0x37,0x87,0x57,0x97,0x57,0x8f,0x57,0x8f,0x57,0x8f,0x57,0x8f,0x57,0x8f,
0x57,0x8f,0x57,0x8f,0x57,0x8f,0x57,0x8f,0x57,0x8f,0x57,0x8f,0x57,0x8f,0x57,0x8f,0x57,0x8f,0x57,0x8f,0x57,0x8f,0x57,0x8f,0x57,0x8f,0x57,0x8f,0x57,0x8f,0x57,0x8f,
0x57,0x8f,0x57,0x8f,0x57,0x8f,0x57,0x8f,0x57,0x8f,0x57,0x8f,0x57,0x8f,0x57,0x8f,0x37,0x8f,0x57,0x8f,0x57,0x8f,0x37,0x8f,0x57,0x8f,0x57,0x8f,0x37,0x8f,0x57,0x8f,
0x57,0x8f,0x57,0x8f,0x57,0x8f,0x57,0x8f,0x57,0x8f,0x57,0x8f,0x57,0x8f,0x57,0x8f,0x57,0x8f,0x57,0x8f,0x57,0x8f,0x57,0x8f,0x57,0x8f,0x57,0x8f,0x57,0x8f,0x57,0x8f,
0x57,0x8f,0x57,0x8f,0x57,0x8f,0x57,0x8f,0x57,0x8f,0x57,0x97,0x57,0x8f,0x57,0x8f,0x57,0x8f,0x57,0x8f,0x57,0x8f,0x57,0x8f,0x57,0x8f,0x57,0x8f,0x77,0x9f,0x78,0x46,
0x79,0x05,0xb9,0x05,0x99,0x05,0xd9,0x15,0x57,0x8f,0x57,0x97,0x57,0x8f,0x57,0x97,0x57,0x97,0x57,0x97,0x57,0x97,0x57,0x97,0x57,0x8f,0x58,0x97,0x57,0x97,0x57,0x97,
0x58,0x97,0x58,0x97,0x58,0x97,0x58,0x97,0x58,0x97,0x58,0x97,0x58,0x97,0x57,0x8f,0x58,0x8f,0x78,0x9f,0x78,0x9f,0x37,0x7f,0xd6,0x56,0x74,0x2e,0x33,0x16,0x13,0x06,
0x13,0x06,0x12,0x06,0xf2,0x05,0xf2,0x05,0x12,0x06,0x53,0x1e,0x94,0x3e,0xf5,0x66,0x57,0x8f,0x78,0x9f,0x78,0x97,0x57,0x8f,0x57,0x8f,0x57,0x97,0x57,0x8f,0x57,0x97,
0x57,0x97,0x57,0x97,0x57,0x97,0x57,0x8f,0x57,0x97,0x57,0x97,0x57,0x97,0x57,0x97,0x57,0x97,0x57,0x97,0x57,0x97,0x57,0x97,0x57,0x8f,0x57,0x8f,0x57,0x97,0x15,0x6f,
0x51,0x0e,0x51,0x1e,0x51,0x16,0x50,0x16,0x16,0x77,0x57,0x97,0x57,0x8f,0x57,0x8f,0x57,0x8f,0x57,0x8f,0x57,0x8f,0x57,0x8f,0x57,0x8f,0x57,0x8f,0x57,0x8f,0x57,0x8f,
0x57,0x8f,0x57,0x8f,0x57,0x8f,0x57,0x8f,0x57,0x8f,0x57,0x8f,0x57,0x8f,0x57,0x8f,0x57,0x8f,0x57,0x8f,0x57,0x8f,0x57,0x8f,0x57,0x8f,0x57,0x8f,0x57,0x8f,0x57,0x8f,
0x57,0x8f,0x57,0x8f,0x37,0x8f,0x57,0x8f,0x57,0x8f,0x37,0x8f,0x57,0x8f,0x57,0x8f,0x56,0x8f,0x57,0x8f,0x56,0x8f,0x57,0x8f,0x57,0x8f,0x57,0x8f,0x57,0x8f,0x57,0x8f,
0x57,0x8f,0x57,0x8f,0x57,0x8f,0x57,0x8f,0x57,0x8f,0x57,0x8f,0x57,0x8f,0x57,0x8f,0x57,0x8f,0x57,0x8f,0x57,0x8f,0x57,0x8f,0x57,0x8f,0x57,0x97,0x57,0x8f,0x57,0x8f,
0x57,0x8f,0x57,0x97,0x57,0x97,0x57,0x97,0x57,0x97,0x57,0x97,0x57,0x97,0x57,0x97,0x57,0x97,0x57,0x97,0x57,0x8f,0x77,0x9f,0x58,0x3e,0x79,0x05,0xb9,0x05,0x99,0x05,
0xf8,0x76,0x77,0x97,0x57,0x8f,0x57,0x97,0x57,0x97,0x57,0x97,0x57,0x97,0x57,0x97,0x57,0x97,0x57,0x97,0x57,0x97,0x57,0x97,0x57,0x97,0x57,0x97,0x57,0x97,0x57,0x97,
0x57,0x97,0x57,0x97,0x57,0x97,0x57,0x97,0x57,0x97,0x57,0x8f,0x57,0x8f,0x58,0x97,0x78,0x9f,0x78,0x9f,0x57,0x8f,0x37,0x87,0x17,0x77,0x16,0x6f,0xf6,0x66,0xf6,0x6e,
0x37,0x87,0x58,0x97,0x78,0x9f,0x78,0x9f,0x57,0x97,0x57,0x8f,0x57,0x97,0x57,0x97,0x57,0x97,0x57,0x97,0x57,0x97,0x57,0x97,0x57,0x97,0x57,0x97,0x57,0x97,0x57,0x97,
0x57,0x97,0x57,0x97,0x57,0x97,0x57,0x97,0x57,0x97,0x57,0x97,0x57,0x97,0x57,0x97,0x57,0x97,0x57,0x8f,0x78,0x9f,0xb4,0x46,0x50,0x0e,0x51,0x1e,0x50,0x16,0x15,0x6f,
0x57,0x9f,0x57,0x8f,0x57,0x97,0x57,0x8f,0x57,0x97,0x57,0x8f,0x57,0x8f,0x57,0x8f,0x57,0x8f,0x57,0x8f,0x57,0x8f,0x57,0x8f,0x57,0x8f,0x57,0x8f,0x57,0x8f,0x57,0x8f,
0x57,0x8f,0x57,0x8f,0x57,0x8f,0x57,0x8f,0x57,0x8f,0x57,0x8f,0x57,0x8f,0x57,0x8f,0x57,0x8f,0x57,0x8f,0x57,0x8f,0x57,0x8f,0x57,0x8f,0x57,0x8f,0x57,0x8f,0x36,0x8f,
0x57,0x8f,0x57,0x8f,0x56,0x8f,0x56,0x8f,0x56,0x8f,0x56,0x8f,0x57,0x8f,0x56,0x8f,0x56,0x8f,0x57,0x97,0x56,0x8f,0x56,0x8f,0x57,0x97,0x56,0x8f,0x57,0x8f,0x57,0x97,
0x56,0x97,0x57,0x97,0x57,0x97,0x57,0x97,0x57,0x97,0x57,0x97,0x57,0x97,0x57,0x97,0x57,0x97,0x57,0x97,0x57,0x97,0x57,0x97,0x57,0x97,0x57,0x97,0x57,0x97,0x57,0x97,
0x57,0x97,0x57,0x97,0x57,0x97,0x57,0x97,0x57,0x97,0x57,0x97,0x57,0x97,0x57,0x97,0x77,0x9f,0x78,0x4e,0x99,0x05,0xf9,0x1d,0x37,0x8f,0x57,0x97,0x57,0x97,0x57,0x97,
0x57,0x97,0x57,0x97,0x57,0x97,0x57,0x97,0x57,0x97,0x57,0x97,0x57,0x97,0x57,0x97,0x57,0x97,0x57,0x97,0x57,0x97,0x57,0x97,0x57,0x97,0x57,0x97,0x57,0x97,0x57,0x97,
0x57,0x97,0x57,0x97,0x57,0x97,0x57,0x97,0x57,0x8f,0x57,0x97,0x57,0x97,0x58,0x97,0x58,0x9f,0x78,0x9f,0x78,0x9f,0x78,0x9f,0x58,0x97,0x57,0x97,0x57,0x8f,0x57,0x97,
0x57,0x97,0x57,0x97,0x57,0x97,0x57,0x97,0x57,0x97,0x57,0x97,0x57,0x97,0x57,0x97,0x57,0x97,0x57,0x97,0x57,0x97,0x57,0x97,0x57,0x97,0x57,0x97,0x57,0x97,0x57,0x97,
0x57,0x97,0x57,0x97,0x57,0x97,0x57,0x97,0x57,0x97,0x57,0x97,0x57,0x97,0xf5,0x6e,0x51,0x1e,0x71,0x26,0x15,0x77,0x57,0x9f,0x57,0x8f,0x57,0x97,0x57,0x97,0x57,0x97,
0x57,0x97,0x57,0x97,0x57,0x97,0x57,0x97,0x57,0x97,0x57,0x97,0x57,0x97,0x57,0x97,0x57,0x97,0x57,0x8f,0x57,0x8f,0x57,0x8f,0x57,0x8f,0x57,0x8f,0x57,0x8f,0x57,0x8f,
0x57,0x8f,0x57,0x8f,0x57,0x8f,0x57,0x8f,0x56,0x8f,0x57,0x8f,0x57,0x8f,0x56,0x8f,0x56,0x8f,0x56,0x8f,0x56,0x8f,0x56,0x8f,0x36,0x8f,0x56,0x8f,0x56,0x8f,0x56,0x8f,
0x56,0x97,0x36,0x97,0x36,0x97,0x36,0x8f,0x56,0x97,0x56,0x97,0x56,0x97,0x56,0x97,0x56,0x97,0x56,0x97,0x56,0x97,0x57,0x97,0x56,0x8f,0x57,0x97,0x57,0x97,0x57,0x97,
0x57,0x97,0x57,0x97,0x57,0x97,0x57,0x97,0x57,0x97,0x57,0x97,0x57,0x97,0x57,0x97,0x57,0x97,0x57,0x97,0x57,0x97,0x57,0x97,0x57,0x97,0x57,0x97,0x57,0x97,0x57,0x97,
0x57,0x97,0x57,0x97,0x57,0x97,0x57,0x97,0x57,0x97,0x77,0x9f,0x17,0x87,0x57,0x8f,0x57,0x97,0x57,0x97,0x57,0x97,0x57,0x97,0x57,0x97,0x57,0x97,0x57,0x97,0x57,0x97,
0x57,0x97,0x57,0x97,0x57,0x97,0x57,0x97,0x57,0x97,0x57,0x97,0x57,0x97,0x57,0x97,0x57,0x97,0x57,0x97,0x57,0x97,0x57,0x97,0x57,0x97,0x57,0x97,0x57,0x97,0x57,0x97,
0x57,0x97,0x57,0x97,0x57,0x97,0x57,0x97,0x57,0x97,0x57,0x97,0x57,0x97,0x57,0x97,0x57,0x97,0x57,0x97,0x57,0x97,0x57,0x97,0x57,0x97,0x57,0x97,0x57,0x97,0x57,0x97,
0x57,0x97,0x57,0x97,0x57,0x97,0x57,0x97,0x57,0x97,0x57,0x97,0x57,0x97,0x57,0x97,0x57,0x97,0x57,0x97,0x57,0x97,0x57,0x97,0x57,0x97,0x57,0x97,0x57,0x97,0x57,0x97,
0x57,0x97,0x57,0x97,0x57,0x97,0x57,0x97,0x36,0x87,0x57,0x8f,0x57,0x9f,0x57,0x8f,0x57,0x97,0x57,0x97,0x57,0x97,0x57,0x97,0x57,0x97,0x57,0x97,0x57,0x97,0x57,0x97,
0x57,0x97,0x57,0x97,0x57,0x97,0x57,0x97,0x57,0x97,0x57,0x97,0x57,0x8f,0x57,0x8f,0x57,0x8f,0x57,0x8f,0x57,0x8f,0x56,0x8f,0x56,0x8f,0x56,0x8f,0x57,0x8f,0x56,0x8f,
0x56,0x8f,0x56,0x8f,0x56,0x8f,0x56,0x8f,0x56,0x8f,0x56,0x8f,0x56,0x8f,0x56,0x8f,0x36,0x8f,0x56,0x8f,0x36,0x8f,0x36,0x8f,0x36,0x97,0x56,0x97,0x56,0x97,0x56,0x97,
0x36,0x97,0x56,0x97,0x56,0x97,0x56,0x97,0x56,0x97,0x56,0x97,0x56,0x97,0x56,0x97,0x56,0x97,0x56,0x97,0x56,0x97,0x56,0x97,0x56,0x97,0x57,0x97,0x57,0x97,0x57,0x97,
0x57,0x97,0x57,0x97,0x57,0x97,0x57,0x97,0x57,0x97,0x57,0x97,0x57,0x97,0x57,0x97,0x57,0x97,0x57,0x97,0x57,0x97,0x57,0x97,0x57,0x97,0x57,0x97,0x57,0x97,0x57,0x97,
0x57,0x97,0x57,0x97,0x57,0x97,0x57,0x97,0x57,0x97,0x57,0x97,0x57,0x97,0x57,0x97,0x57,0x97,0x57,0x97,0x57,0x97,0x57,0x97,0x57,0x97,0x57,0x97,0x57,0x97,0x57,0x97,
0x57,0x97,0x57,0x97,0x57,0x97,0x57,0x97,0x57,0x97,0x57,0x97,0x57,0x97,0x57,0x97,0x57,0x97,0x57,0x97,0x57,0x97,0x57,0x97,0x57,0x97,0x57,0x97,0x57,0x97,0x57,0x97,
0x57,0x97,0x57,0x97,0x57,0x97,0x57,0x97,0x57,0x97,0x57,0x97,0x57,0x97,0x57,0x97,0x57,0x97,0x57,0x97,0x57,0x97,0x57,0x97,0x57,0x97,0x57,0x97,0x57,0x97,0x57,0x97,
0x57,0x97,0x57,0x97,0x57,0x97,0x57,0x97,0x57,0x97,0x57,0x97,0x57,0x97,0x57,0x97,0x57,0x97,0x57,0x97,0x57,0x97,0x57,0x97,0x57,0x97,0x57,0x97,0x57,0x97,0x57,0x97,
0x57,0x97,0x57,0x97,0x57,0x97,0x57,0x97,0x57,0x97,0x57,0x97,0x57,0x97,0x57,0x97,0x57,0x97,0x57,0x97,0x57,0x97,0x57,0x97,0x57,0x97,0x57,0x97,0x57,0x97,0x57,0x97,
0x56,0x97,0x57,0x97,0x57,0x97,0x56,0x97,0x57,0x97,0x57,0x97,0x57,0x97,0x56,0x97,0x56,0x97,0x56,0x97,0x56,0x97,0x36,0x8f,0x36,0x8f,0x56,0x97,0x36,0x8f,0x56,0x97,
0x36,0x8f,0x56,0x97,0x56,0x97,0x56,0x97,0x36,0x8f,0x36,0x8f,0x36,0x8f,0x36,0x8f,0x56,0x97,0x56,0x97,0x56,0x97,0x56,0x97,0x56,0x97,0x56,0x97,0x56,0x97,0x56,0x97,
0x56,0x97,0x56,0x97,0x56,0x97,0x56,0x97,0x56,0x97,0x56,0x97,0x56,0x97,0x56,0x97,0x56,0x97,0x56,0x97,0x56,0x97,0x56,0x97,0x57,0x97,0x57,0x97,0x57,0x97,0x57,0x97,
0x57,0x97,0x57,0x97,0x57,0x97,0x57,0x97,0x57,0x97,0x57,0x97,0x57,0x97,0x57,0x97,0x57,0x97,0x57,0x97,0x57,0x97,0x57,0x97,0x57,0x97,0x57,0x97,0x57,0x97,0x57,0x97,
0x57,0x97,0x57,0x97,0x57,0x97,0x57,0x97,0x57,0x97,0x57,0x97,0x57,0x97,0x57,0x97,0x57,0x97,0x57,0x97,0x57,0x97,0x57,0x97,0x57,0x97,0x57,0x97,0x57,0x97,0x57,0x97,
0x57,0x97,0x57,0x97,0x57,0x97,0x57,0x97,0x57,0x97,0x57,0x97,0x57,0x97,0x57,0x97,0x57,0x97,0x57,0x97,0x57,0x97,0x57,0x97,0x57,0x97,0x57,0x97,0x57,0x97,0x57,0x97,
0x57,0x97,0x57,0x97,0x57,0x97,0x57,0x97,0x57,0x97,0x57,0x97,0x57,0x97,0x57,0x97,0x57,0x97,0x57,0x97,0x57,0x97,0x57,0x97,0x57,0x97,0x57,0x97,0x57,0x97,0x57,0x97,
0x57,0x97,0x57,0x97,0x57,0x97,0x57,0x97,0x57,0x97,0x57,0x97,0x57,0x97,0x57,0x97,0x57,0x97,0x57,0x97,0x57,0x97,0x57,0x97,0x57,0x97,0x57,0x97,0x57,0x97,0x57,0x97,
0x57,0x97,0x57,0x97,0x57,0x97,0x57,0x97,0x57,0x97,0x57,0x97,0x57,0x97,0x57,0x97,0x56,0x97,0x57,0x97,0x57,0x97,0x56,0x97,0x56,0x97,0x56,0x97,0x56,0x97,0x56,0x97,
0x56,0x97,0x56,0x97,0x56,0x97,0x56,0x97,0x56,0x97,0x56,0x97,0x56,0x97,0x56,0x97,0x56,0x97,0x56,0x97,0x56,0x97,0x56,0x97,0x36,0x97,0x56,0x97,0x56,0x97,0x36,0x97,
0x56,0x97,0x56,0x97,0x56,0x97,0x56,0x97,0x56,0x97,0x56,0x97,0x56,0x97,0x56,0x97,0x36,0x97,0x56,0x97,0x56,0x97,0x56,0x97,0x56,0x97,0x56,0x97,0x56,0x97,0x56,0x97,
0x56,0x97,0x56,0x97,0x56,0x97,0x56,0x97,0x56,0x97,0x56,0x97,0x56,0x97,0x56,0x97,0x56,0x97,0x56,0x97,0x56,0x97,0x56,0x97,0x57,0x97,0x57,0x97,0x57,0x97,0x57,0x97,
0x57,0x97,0x57,0x97,0x57,0x97,0x57,0x97,0x57,0x97,0x57,0x97,0x57,0x97,0x57,0x97,0x57,0x97,0x57,0x97,0x57,0x97,0x57,0x97,0x57,0x97,0x57,0x97,0x57,0x97,0x57,0x97,
0x57,0x97,0x57,0x97,0x57,0x97,0x57,0x97,0x57,0x97,0x57,0x97,0x57,0x97,0x57,0x97,0x57,0x97,0x57,0x97,0x57,0x97,0x57,0x97,0x57,0x97,0x57,0x97,0x57,0x97,0x57,0x97,
0x57,0x97,0x57,0x97,0x57,0x97,0x57,0x97,0x57,0x97,0x57,0x97,0x57,0x97,0x57,0x97,0x57,0x97,0x57,0x97,0x57,0x97,0x57,0x97,0x57,0x97,0x57,0x97,0x57,0x97,0x57,0x97,
0x57,0x97,0x57,0x97,0x57,0x97,0x57,0x97,0x57,0x97,0x57,0x97,0x57,0x97,0x57,0x97,0x57,0x97,0x57,0x97,0x57,0x97,0x57,0x97,0x57,0x97,0x57,0x97,0x57,0x97,0x57,0x97,
0x57,0x97,0x57,0x97,0x57,0x97,0x57,0x97,0x57,0x97,0x57,0x97,0x57,0x97,0x57,0x97,0x57,0x97,0x57,0x97,0x57,0x97,0x57,0x97,0x57,0x97,0x57,0x97,0x57,0x97,0x57,0x97,
0x56,0x97,0x56,0x97,0x56,0x97,0x56,0x97,0x56,0x97,0x56,0x97,0x56,0x97,0x56,0x97,0x56,0x97,0x56,0x97,0x56,0x97,0x56,0x97,0x56,0x97,0x56,0x97,0x56,0x97,0x56,0x97,
0x56,0x97,0x56,0x97,0x56,0x97,0x56,0x97,0x56,0x97,0x56,0x97,0x56,0x97,0x56,0x97,0x56,0x97,0x56,0x97,0x56,0x97,0x56,0x97,0x56,0x97,0x56,0x97,0x56,0x97,0x56,0x97,
0x36,0x97,0x56,0x97,0x36,0x97,0x56,0x97,0x56,0x97,0x56,0x97,0x56,0x97,0x56,0x97,0x56,0x97,0x56,0x97,0x56,0x97,0x56,0x97,0x56,0x97,0x56,0x97,0x56,0x97,0x56,0x97,
0x56,0x97,0x56,0x97,0x56,0x97,0x56,0x97,0x56,0x97,0x56,0x97,0x56,0x97,0x56,0x97,0x56,0x97,0x56,0x97,0x56,0x97,0x56,0x97,0x57,0x97,0x57,0x97,0x57,0x97,0x57,0x97,
0x57,0x97,0x57,0x97,0x57,0x97,0x57,0x97,0x57,0x97,0x57,0x97,0x57,0x97,0x57,0x97,0x57,0x97,0x57,0x97,0x57,0x97,0x57,0x97,0x57,0x97,0x57,0x97,0x57,0x97,0x57,0x97,
0x57,0x97,0x57,0x97,0x57,0x97,0x57,0x97,0x57,0x97,0x57,0x97,0x57,0x97,0x57,0x97,0x57,0x97,0x57,0x97,0x57,0x97,0x57,0x97,0x57,0x97,0x57,0x97,0x57,0x97,0x57,0x97,
0x57,0x97,0x57,0x97,0x57,0x97,0x57,0x97,0x57,0x97,0x57,0x97,0x57,0x97,0x57,0x97,0x57,0x97,0x57,0x97,0x57,0x97,0x57,0x97,0x57,0x97,0x57,0x97,0x57,0x97,0x57,0x97,
0x57,0x97,0x57,0x97,0x57,0x97,0x57,0x97,0x57,0x97,0x57,0x97,0x57,0x97,0x57,0x97,0x57,0x97,0x57,0x97,0x57,0x97,0x57,0x97,0x57,0x97,0x57,0x97,0x57,0x97,0x57,0x97,
0x57,0x97,0x57,0x97,0x57,0x97,0x57,0x97,0x57,0x97,0x57,0x97,0x57,0x97,0x57,0x97,0x56,0x97,0x57,0x97,0x57,0x97,0x56,0x97,0x56,0x97,0x56,0x97,0x56,0x97,0x56,0x97,
0x56,0x97,0x56,0x97,0x56,0x97,0x56,0x97,0x56,0x97,0x56,0x97,0x56,0x97,0x56,0x97,0x56,0x97,0x56,0x97,0x56,0x97,0x56,0x97,0x56,0x97,0x56,0x97,0x56,0x97,0x56,0x97,
0x56,0x97,0x56,0x97,0x56,0x97,0x56,0x97,0x56,0x97,0x56,0x97,0x56,0x97,0x56,0x97,0x56,0x97,0x56,0x97,0x56,0x97,0x56,0x97,0x56,0x97,0x56,0x97,0x56,0x97,0x36,0x97,
0x56,0x97,0x56,0x97,0x56,0x97,0x56,0x97,0x56,0x97,0x56,0x97,0x56,0x97,0x56,0x97,0x56,0x97,0x56,0x97,0x56,0x97,0x56,0x97,0x56,0x97,0x56,0x97,0x56,0x97,0x56,0x97,
0x56,0x97,0x56,0x97,0x56,0x97,0x56,0x97,0x56,0x97,0x56,0x97,0x56,0x97,0x56,0x97,0x56,0x97,0x56,0x97,0x56,0x97,0x56,0x97,0x57,0x97,0x57,0x97,0x57,0x97,0x57,0x97,
0x57,0x97,0x57,0x97,0x57,0x97,0x57,0x97,0x57,0x97,0x57,0x97,0x57,0x97,0x57,0x97,0x57,0x97,0x57,0x97,0x57,0x97,0x57,0x97,0x57,0x97,0x57,0x97,0x57,0x97,0x57,0x97,
0x57,0x97,0x57,0x97,0x57,0x97,0x57,0x97,0x57,0x97,0x57,0x97,0x57,0x97,0x57,0x97,0x57,0x97,0x57,0x97,0x57,0x97,0x57,0x97,0x57,0x97,0x57,0x97,0x57,0x97,0x57,0x97,
0x57,0x97,0x57,0x97,0x57,0x97,0x57,0x97,0x57,0x97,0x57,0x97,0x57,0x97,0x57,0x97,0x57,0x97,0x57,0x97,0x57,0x97,0x57,0x97,0x57,0x97,0x57,0x97,0x57,0x97,0x57,0x97,
0x57,0x97,0x57,0x97,0x57,0x97,0x57,0x97,0x57,0x97,0x57,0x97,0x57,0x97,0x57,0x97,0x57,0x97,0x57,0x97,0x57,0x97,0x57,0x97,0x57,0x97,0x57,0x97,0x57,0x97,0x57,0x97,
0x57,0x97,0x57,0x97,0x57,0x97,0x57,0x97,0x56,0x97,0x56,0x97,0x56,0x97,0x56,0x97,0x56,0x97,0x56,0x97,0x56,0x97,0x56,0x97,0x56,0x97,0x56,0x97,0x56,0x97,0x56,0x97,
0x56,0x97,0x56,0x97,0x56,0x97,0x56,0x97,0x56,0x97,0x56,0x97,0x56,0x97,0x56,0x97,0x56,0x97,0x56,0x97,0x56,0x97,0x56,0x97,0x56,0x97,0x56,0x97,0x56,0x97,0x56,0x97,
0x56,0x97,0x56,0x97,0x56,0x97,0x56,0x97,0x56,0x97,0x56,0x97,0x56,0x97,0x56,0x97,0x56,0x97,0x36,0x97,0x56,0x97,0x36,0x97,0x56,0x97,0x56,0x97,0x56,0x97,0x56,0x97,
0x56,0x97,0x56,0x97,0x56,0x97,0x56,0x97,0x56,0x97,0x56,0x97,0x56,0x97,0x56,0x97,0x56,0x97,0x56,0x97,0x56,0x97,0x56,0x97,0x56,0x97,0x56,0x97,0x56,0x97,0x56,0x97,
0x56,0x97,0x56,0x97,0x56,0x97,0x56,0x97,0x56,0x97,0x56,0x97,0x56,0x97,0x56,0x97,0x56,0x97,0x57,0x97,0x57,0x97,0x57,0x97,0x57,0x97,0x57,0x97,0x57,0x97,0x57,0x97,
0x57,0x97,0x57,0x97,0x57,0x97,0x57,0x97,0x57,0x97,0x57,0x97,0x57,0x97,0x57,0x97,0x57,0x97,0x57,0x97,0x57,0x97,0x57,0x97,0x57,0x97,0x57,0x97,0x57,0x97,0x57,0x97,
0x57,0x97,0x57,0x97,0x57,0x97,0x57,0x97,0x57,0x97,0x57,0x97,0x57,0x97,0x57,0x97,0x57,0x97,0x57,0x97,0x57,0x97,0x57,0x97,0x57,0x97,0x57,0x97,0x57,0x97,0x57,0x97,
0x57,0x97,0x57,0x97,0x57,0x97,0x57,0x97,0x57,0x97,0x57,0x97,0x57,0x97,0x57,0x97,0x57,0x97,0x57,0x97,0x57,0x97,0x57,0x97,0x57,0x97,0x57,0x97,0x57,0x97,0x57,0x97,
0x57,0x97,0x57,0x97,0x57,0x97,0x57,0x97,0x57,0x97,0x57,0x97,0x57,0x97,0x57,0x97,0x57,0x97,0x57,0x97,0x57,0x97,0x57,0x97,0x57,0x97,0x56,0x97,0x56,0x97,0x56,0x97,
0x56,0x97,0x56,0x97,0x56,0x97,0x56,0x97,0x56,0x97,0x56,0x97,0x56,0x97,0x56,0x97,0x56,0x97,0x56,0x97,0x56,0x97,0x56,0x97,0x56,0x97,0x56,0x97,0x56,0x97,0x56,0x97,
0x56,0x97,0x56,0x97,0x56,0x97,0x56,0x97,0x56,0x97,0x56,0x97,0x56,0x97,0x56,0x97,0x56,0x97,0x56,0x97,0x56,0x97,0x56,0x97,0x56,0x97,0x56,0x97,0x56,0x97,0x56,0x97,
0x56,0x97,0x56,0x97,0x56,0x97,0x56,0x97,0x56,0x97,0x36,0x97,0x56,0x97,0x56,0x97,0x56,0x97,0x56,0x97,0x56,0x97,0x56,0x97,0x56,0x97,0x56,0x97,0x56,0x97,0x56,0x97,
0x56,0x97,0x56,0x97,0x56,0x97,0x56,0x97,0x56,0x97,0x56,0x97,0x56,0x97,0x56,0x97,0x56,0x97,0x56,0x97,0x56,0x97,0x56,0x97,0x56,0x97,0x56,0x97,0x56,0x97,0x56,0x97,
0x56,0x97,0x56,0x97,0x56,0x97,0x56,0x97,0x56,0x97,0x56,0x97,0x56,0x97,0x56,0x97,0x56,0x97,0x56,0x97,0x57,0x97,0x57,0x97,0x57,0x97,0x57,0x97,0x57,0x97,0x57,0x97,
0x57,0x97,0x57,0x97,0x57,0x97,0x57,0x97,0x57,0x97,0x57,0x97,0x57,0x97,0x57,0x97,0x57,0x97,0x57,0x97,0x57,0x97,0x57,0x97,0x57,0x97,0x57,0x97,0x57,0x97,0x57,0x97,
0x57,0x97,0x57,0x97,0x57,0x97,0x57,0x97,0x57,0x97,0x57,0x97,0x57,0x97,0x57,0x97,0x57,0x97,0x57,0x97,0x57,0x97,0x57,0x97,0x57,0x97,0x57,0x97,0x57,0x97,0x57,0x97,
0x57,0x97,0x57,0x97,0x57,0x97,0x57,0x97,0x57,0x97,0x57,0x97,0x57,0x97,0x57,0x97,0x57,0x97,0x57,0x97,0x57,0x97,0x57,0x97,0x57,0x97,0x57,0x97,0x57,0x97,0x57,0x97,
0x57,0x97,0x57,0x97,0x57,0x97,0x57,0x97,0x57,0x97,0x57,0x97,0x56,0x97,0x56,0x97,0x56,0x97,0x56,0x97,0x56,0x97,0x56,0x97,0x56,0x97,0x56,0x97,0x56,0x97,0x56,0x97,
0x56,0x97,0x56,0x97,0x56,0x97,0x56,0x97,0x56,0x97,0x56,0x97,0x56,0x97,0x56,0x97,0x56,0x97,0x56,0x97,0x56,0x97,0x56,0x97,0x56,0x97,0x56,0x97,0x56,0x97,0x56,0x97,
0x56,0x97,0x56,0x97,0x56,0x97,0x56,0x97,0x56,0x97,0x56,0x97,0x56,0x97,0x56,0x97,0x56,0x97,0x56,0x97,0x56,0x97,0x56,0x97,0x56,0x97,0x56,0x97,0x56,0x97,0x56,0x97,
0x36,0x97,0x56,0x97,0x56,0x97,0x36,0x97,0x56,0x97,0x56,0x97,0x56,0x97,0x56,0x97,0x56,0x97,0x56,0x97,0x56,0x97,0x56,0x97,0x56,0x97,0x56,0x97,0x56,0x97,0x56,0x97,
0x56,0x97,0x56,0x97,0x56,0x97,0x56,0x97,0x56,0x97,0x56,0x97,0x56,0x97,0x56,0x97,0x56,0x97,0x56,0x97,0x56,0x97,0x56,0x97,0x56,0x97,0x56,0x97,0x56,0x97,0x56,0x97,
0x56,0x97,0x56,0x97,0x56,0x97,0x56,0x97,0x56,0x97,0x56,0x97,0x57,0x97,0x56,0x97,0x56,0x97,0x56,0x97,0x57,0x97,0x57,0x97,0x57,0x97,0x57,0x97,0x57,0x97,0x57,0x97,
0x57,0x97,0x57,0x97,0x57,0x97,0x57,0x97,0x57,0x97,0x57,0x97,0x57,0x97,0x57,0x97,0x57,0x97,0x57,0x97,0x57,0x97,0x57,0x97,0x57,0x97,0x57,0x97,0x57,0x97,0x57,0x97,
0x57,0x97,0x57,0x97,0x57,0x97,0x57,0x97,0x57,0x97,0x57,0x97,0x57,0x97,0x57,0x97,0x57,0x97,0x57,0x97,0x57,0x97,0x57,0x97,0x57,0x97,0x57,0x97,0x57,0x97,0x57,0x97,
0x57,0x97,0x57,0x97,0x57,0x97,0x57,0x97,0x57,0x97,0x57,0x97,0x57,0x97,0x57,0x97,0x57,0x97,0x57,0x97,0x57,0x97,0x57,0x97,0x57,0x97,0x56,0x97,0x57,0x97,0x56,0x97,
0x56,0x97,0x56,0x97,0x56,0x97,0x56,0x97,0x56,0x97,0x56,0x97,0x56,0x97,0x56,0x97,0x56,0x97,0x56,0x97,0x56,0x97,0x56,0x97,0x56,0x97,0x56,0x97,0x56,0x97,0x56,0x97,
0x56,0x97,0x56,0x97,0x56,0x97,0x56,0x97,0x56,0x97,0x56,0x97,0x56,0x97,0x56,0x97,0x56,0x97,0x56,0x97,0x56,0x97,0x56,0x97,0x56,0x97,0x56,0x97,0x56,0x97,0x56,0x97,
0x56,0x97,0x56,0x97,0x56,0x97,0x56,0x97,0x56,0x97,0x56,0x97,0x56,0x97,0x56,0x97,0x56,0x97,0x56,0x97,0x56,0x97,0x56,0x97,0x56,0x97,0x56,0x97,0x56,0x97,0x56,0x97,
0x56,0x97,0x56,0x97,0x56,0x97,0x56,0x97,0x56,0x97,0x56,0x97,0x56,0x97,0x56,0x97,0x56,0x97,0x56,0x97,0x56,0x97,0x56,0x97,0x56,0x97,0x56,0x97,0x56,0x97,0x56,0x97,
0x56,0x97,0x56,0x97,0x56,0x97,0x56,0x97,0x56,0x97,0x56,0x97,0x56,0x97,0x56,0x97,0x56,0x97,0x56,0x97,0x56,0x97,0x56,0x97,0x56,0x97,0x56,0x97,0x56,0x97,0x56,0x97,
0x56,0x97,0x56,0x97,0x56,0x9f,0x56,0x97,0x56,0x97,0x56,0x97,0x56,0x97,0x56,0x97,0x57,0x9f,0x56,0x97,0x57,0x97,0x57,0x97,0x57,0x97,0x57,0x97,0x57,0x97,0x57,0x97,
0x57,0x97,0x57,0x97,0x57,0x9f,0x57,0x97,0x57,0x97,0x57,0x97,0x57,0x97,0x57,0x97,0x57,0x97,0x57,0x9f,0x57,0x9f,0x57,0x97,0x57,0x97,0x57,0x9f,0x57,0x97,0x57,0x9f,
0x57,0x97,0x57,0x97,0x57,0x97,0x57,0x9f,0x57,0x9f,0x57,0x9f,0x57,0x97,0x57,0x97,0x57,0x97,0x57,0x97,0x57,0x9f,0x57,0x97,0x57,0x97,0x57,0x97,0x57,0x97,0x57,0x97,
0x57,0x97,0x57,0x97,0x57,0x97,0x57,0x97,0x57,0x97,0x57,0x97,0x56,0x97,0x56,0x97,0x57,0x97,0x56,0x97,0x56,0x97,0x56,0x97,0x56,0x97,0x56,0x97,0x56,0x97,0x56,0x97,
0x56,0x97,0x56,0x97,0x56,0x97,0x56,0x97,0x56,0x97,0x56,0x97,0x56,0x97,0x56,0x97,0x56,0x97,0x56,0x97,0x56,0x97,0x56,0x97,0x56,0x97,0x56,0x97,0x56,0x97,0x56,0x97,
0x56,0x97,0x56,0x97,0x56,0x97,0x56,0x97,0x56,0x97,0x56,0x97,0x56,0x97,0x56,0x97,0x56,0x97,0x56,0x97,0x56,0x97,0x56,0x97,0x56,0x97,0x56,0x97,0x56,0x97,0x56,0x97,
0x56,0x97,0x56,0x97,0x56,0x97,0x56,0x97,0x56,0x97,0x56,0x97,0x56,0x97,0x56,0x97,0x56,0x97,0x56,0x97,0x56,0x97,0x56,0x97,0x56,0x97,0x56,0x97,0x56,0x97,0x56,0x97,
0x56,0x97,0x56,0x97,0x56,0x9f,0x56,0x97,0x56,0x97,0x56,0x9f,0x56,0x97,0x56,0x97,0x56,0x97,0x56,0x97,0x56,0x97,0x56,0x97,0x56,0x97,0x56,0x97,0x56,0x9f,0x56,0x97,
0x56,0x97,0x56,0x9f,0x56,0x9f,0x56,0x9f,0x56,0x97,0x56,0x9f,0x56,0x97,0x56,0x97,0x56,0x9f,0x56,0x97,0x56,0x9f,0x56,0x9f,0x56,0x97,0x56,0x9f,0x56,0x97,0x56,0x9f,
0x56,0x9f,0x56,0x9f,0x56,0x9f,0x56,0x9f,0x56,0x9f,0x56,0x9f,0x56,0x9f,0x56,0x9f,0x57,0x97,0x56,0x97,0x56,0x97,0x57,0x9f,0x57,0x9f,0x57,0x9f,0x57,0x9f,0x57,0x9f,
0x57,0x9f,0x57,0x9f,0x57,0x9f,0x57,0x9f,0x57,0x9f,0x57,0x9f,0x57,0x9f,0x57,0x9f,0x57,0x9f,0x57,0x9f,0x57,0x9f,0x57,0x9f,0x57,0x9f,0x57,0x9f,0x57,0x9f,0x57,0x9f,
0x57,0x9f,0x57,0x9f,0x57,0x9f,0x57,0x9f,0x57,0x9f,0x57,0x9f,0x57,0x9f,0x57,0x9f,0x57,0x9f,0x57,0x9f,0x57,0x9f,0x57,0x9f,0x57,0x97,0x57,0x9f,0x57,0x9f,0x56,0x9f,
0x56,0x97,0x56,0x97,0x56,0x9f,0x56,0x97,0x56,0x9f,0x56,0x9f,0x56,0x9f,0x56,0x97,0x56,0x97,0x56,0x97,0x56,0x97,0x56,0x9f,0x56,0x9f,0x56,0x97,0x56,0x97,0x56,0x97,
0x56,0x97,0x56,0x97,0x56,0x97,0x56,0x97,0x56,0x97,0x56,0x97,0x56,0x97,0x56,0x97,0x56,0x97,0x56,0x97,0x56,0x97,0x56,0x97,0x56,0x97,0x56,0x97,0x56,0x97,0x56,0x97,
0x56,0x97,0x56,0x97,0x56,0x97,0x56,0x97,0x56,0x97,0x56,0x97,0x56,0x97,0x56,0x97,0x56,0x97,0x56,0x97,0x56,0x97,0x56,0x97,0x56,0x97,0x56,0x97,0x56,0x97,0x56,0x97,
0x56,0x97,0x56,0x97,0x56,0x97,0x56,0x97,0x56,0x9f,0x56,0x9f,0x56,0x9f,0x56,0x9f,0x56,0x9f,0x56,0x9f,0x56,0x9f,0x56,0x9f,0x56,0x9f,0x56,0x9f,0x56,0x9f,0x56,0x9f,
0x56,0x9f,0x56,0x9f,0x56,0x97,0x56,0x9f,0x56,0x9f,0x56,0x9f,0x56,0x9f,0x56,0x9f,0x56,0x9f,0x56,0x9f,0x56,0x9f,0x56,0x9f,0x56,0x9f,0x56,0x9f,0x56,0x9f,0x56,0x9f,
0x56,0x9f,0x56,0x9f,0x56,0x9f,0x56,0x9f,0x56,0x9f,0x56,0x9f,0x56,0x9f,0x56,0x9f,0x56,0x9f,0x56,0x9f,0x56,0x9f,0x56,0x9f,0x56,0x9f,0x56,0x9f,0x56,0x9f,0x56,0x9f,
0x56,0x9f,0x56,0x9f,0x56,0x9f,0x56,0x9f,0x56,0x9f,0x56,0x9f,0x56,0x9f,0x56,0x9f,0x57,0x9f,0x57,0x9f,0x57,0x9f,0x56,0x9f,0x57,0x9f,0x56,0x9f,0x57,0x9f,0x57,0x9f,
0x57,0x9f,0x57,0x9f,0x57,0x9f,0x57,0x9f,0x57,0x9f,0x57,0x9f,0x57,0x9f,0x57,0x9f,0x57,0x9f,0x57,0x9f,0x57,0x9f,0x57,0x9f,0x57,0x9f,0x57,0x9f,0x57,0x9f,0x57,0x9f,
0x57,0x9f,0x57,0x9f,0x57,0x9f,0x57,0x9f,0x57,0x9f,0x57,0x9f,0x57,0x9f,0x57,0x9f,0x57,0x9f,0x57,0x9f,0x56,0x9f,0x56,0x9f,0x56,0x9f,0x56,0x9f,0x56,0x9f,0x56,0x9f,
0x56,0x9f,0x56,0x9f,0x56,0x9f,0x56,0x9f,0x56,0x9f,0x56,0x9f,0x56,0x9f,0x56,0x9f,0x56,0x9f,0x56,0x9f,0x56,0x9f,0x56,0x9f,0x56,0x9f,0x56,0x9f,0x56,0x9f,0x56,0x97,
0x56,0x97,0x56,0x97,0x56,0x97,0x56,0x97,0x56,0x97,0x56,0x97,0x56,0x97,0x56,0x97,0x56,0x9f,0x56,0x9f,0x56,0x97,0x56,0x97,0x56,0x97,0x56,0x97,0x56,0x97,0x56,0x97,
0x56,0x97,0x56,0x97,0x56,0x97,0x56,0x97,0x56,0x97,0x56,0x97,0x56,0x97,0x56,0x97,0x56,0x97,0x56,0x97,0x56,0x97,0x56,0x97,0x56,0x97,0x56,0x97,0x56,0x97,0x56,0x97,
0x56,0x9f,0x56,0x9f,0x56,0x9f,0x56,0x9f,0x56,0x9f,0x56,0x9f,0x56,0x9f,0x56,0x9f,0x56,0x9f,0x56,0x9f,0x56,0x9f,0x56,0x9f,0x56,0x9f,0x56,0x9f,0x56,0x9f,0x56,0x9f,
0x56,0x9f,0x56,0x9f,0x56,0x9f,0x56,0x9f,0x56,0x9f,0x56,0x9f,0x56,0x9f,0x56,0x9f,0x56,0x9f,0x56,0x9f,0x56,0x9f,0x56,0x9f,0x56,0x9f,0x56,0x9f,0x56,0x9f,0x56,0x9f,
0x56,0x9f,0x56,0x9f,0x56,0x9f,0x56,0x9f,0x56,0x9f,0x56,0x9f,0x56,0x9f,0x56,0x9f,0x56,0x9f,0x56,0x9f,0x56,0x9f,0x56,0x9f,0x56,0x9f,0x56,0x9f,0x56,0x9f,0x56,0x9f,
0x56,0x9f,0x56,0x9f,0x56,0x9f,0x56,0x9f,0x57,0x9f,0x56,0x9f,0x56,0x9f,0x56,0x9f,0x57,0x9f,0x56,0x9f,0x57,0x9f,0x57,0x9f,0x57,0x9f,0x57,0x9f,0x57,0x9f,0x57,0x9f,
0x57,0x9f,0x56,0x9f,0x57,0x9f,0x57,0x9f,0x57,0x9f,0x57,0x9f,0x57,0x9f,0x57,0x9f,0x57,0x9f,0x57,0x9f,0x57,0x9f,0x57,0x9f,0x57,0x9f,0x57,0x9f,0x57,0x9f,0x57,0x9f,
0x57,0x9f,0x57,0x9f,0x57,0x9f,0x57,0x9f,0x56,0x9f,0x56,0x9f,0x56,0x9f,0x56,0x9f,0x56,0x9f,0x56,0x9f,0x56,0x9f,0x56,0x9f,0x56,0x9f,0x56,0x9f,0x56,0x9f,0x56,0x9f,
0x56,0x9f,0x56,0x9f,0x56,0x9f,0x56,0x9f,0x56,0x9f,0x56,0x9f,0x56,0x9f,0x56,0x9f,0x56,0x9f,0x56,0x9f,0x56,0x9f,0x56,0x9f,0x56,0x9f,0x56,0x9f,0x56,0x9f,0x56,0x9f,
0x56,0x9f,0x56,0x9f,0x56,0x9f,0x56,0x9f,0x56,0x9f,0x56,0x9f,0x56,0x9f,0x56,0x9f,0x56,0x9f,0x56,0x9f,0x56,0x97,0x56,0x97,0x56,0x9f,0x56,0x9f,0x56,0x97,0x56,0x9f,
0x56,0x9f,0x56,0x9f,0x56,0x9f,0x56,0x9f,0x56,0x9f,0x56,0x9f,0x56,0x9f,0x56,0x9f,0x56,0x97,0x56,0x97,0x56,0x97,0x36,0x97,0x56,0x9f,0x56,0x9f,0x56,0x9f,0x56,0x9f,
0x56,0x9f,0x56,0x9f,0x56,0x9f,0x56,0x9f,0x56,0x9f,0x56,0x9f,0x56,0x9f,0x56,0x9f,0x56,0x9f,0x56,0x9f,0x56,0x9f,0x36,0x9f,0x56,0x9f,0x56,0x9f,0x56,0x9f,0x56,0x9f,
0x56,0x9f,0x56,0x9f,0x56,0x9f,0x56,0x9f,0x56,0x9f,0x56,0x9f,0x56,0x9f,0x56,0x9f,0x56,0x9f,0x56,0x9f,0x56,0x9f,0x56,0x9f,0x56,0x9f,0x56,0x9f,0x56,0x9f,0x56,0x9f,
0x56,0x9f,0x56,0x9f,0x56,0x9f,0x56,0x9f,0x56,0x9f,0x56,0x9f,0x56,0x9f,0x56,0x9f,0x56,0x9f,0x56,0x9f,0x56,0x9f,0x56,0x9f,0x56,0x9f,0x56,0x9f,0x56,0x9f,0x56,0x9f,
0x56,0x9f,0x56,0x9f,0x56,0x9f,0x56,0x9f,0x57,0x9f,0x56,0x9f,0x56,0x9f,0x56,0x9f,0x56,0x9f,0x56,0x9f,0x56,0x9f,0x57,0x9f,0x57,0x9f,0x57,0x9f,0x56,0x9f,0x57,0x9f,
0x57,0x9f,0x57,0x9f,0x57,0x9f,0x57,0x9f,0x57,0x9f,0x57,0x9f,0x57,0x9f,0x57,0x9f,0x57,0x9f,0x57,0x9f,0x57,0x9f,0x56,0x9f,0x57,0x9f,0x57,0x9f,0x56,0x9f,0x57,0x9f,
0x56,0x9f,0x56,0x9f,0x56,0x9f,0x56,0x9f,0x56,0x9f,0x56,0x9f,0x56,0x9f,0x56,0x9f,0x56,0x9f,0x56,0x9f,0x56,0x9f,0x56,0x9f,0x56,0x9f,0x56,0x9f,0x56,0x9f,0x56,0x9f,
0x56,0x9f,0x56,0x9f,0x56,0x9f,0x56,0x9f,0x56,0x9f,0x56,0x9f,0x56,0x9f,0x56,0x9f,0x56,0x9f,0x56,0x9f,0x56,0x9f,0x56,0x9f,0x56,0x9f,0x56,0x9f,0x56,0x9f,0x56,0x9f,
0x56,0x9f,0x56,0x9f,0x56,0x9f,0x56,0x9f,0x56,0x9f,0x56,0x9f,0x56,0x9f,0x56,0x9f,0x56,0x9f,0x56,0x9f,0x56,0x9f,0x56,0x9f,0x56,0x9f,0x56,0x9f,0x56,0x9f,0x56,0x9f,
0x56,0x9f,0x56,0x9f,0x56,0x9f,0x56,0x9f,0x56,0x9f,0x56,0x9f,0x56,0x9f,0x36,0x9f,0x56,0x9f,0x56,0x9f,0x56,0x9f,0x56,0x9f,0x56,0x9f,0x36,0x9f,0x56,0x9f,0x56,0x9f,
0x56,0x9f,0x56,0x9f,0x56,0x9f,0x56,0x9f,0x56,0x9f,0x56,0x9f,0x36,0x9f,0x56,0x9f,0x56,0x9f,0x36,0x9f,0x56,0x9f,0x56,0x9f,0x56,0x9f,0x56,0x9f,0x56,0x9f,0x56,0x9f,
0x56,0x9f,0x56,0x9f,0x56,0x9f,0x56,0x9f,0x56,0x9f,0x56,0x9f,0x56,0x9f,0x56,0x9f,0x56,0x9f,0x56,0x9f,0x56,0x9f,0x56,0x9f,0x56,0x9f,0x56,0x9f,0x56,0x9f,0x56,0x9f,
0x56,0x9f,0x56,0x9f,0x56,0x9f,0x56,0x9f,0x56,0x9f,0x56,0x9f,0x56,0x9f,0x56,0x9f,0x56,0x9f,0x56,0x9f,0x56,0x9f,0x56,0x9f,0x56,0x9f,0x56,0x9f,0x56,0x9f,0x56,0x9f,
0x56,0x9f,0x56,0x9f,0x56,0x9f,0x56,0x9f,0x56,0x9f,0x56,0x9f,0x56,0x9f,0x56,0x9f,0x56,0x9f,0x56,0x9f,0x56,0x9f,0x56,0x9f,0x56,0x9f,0x57,0x9f,0x56,0x9f,0x56,0x9f,
0x56,0x9f,0x56,0x9f,0x56,0x9f,0x57,0x9f,0x57,0x9f,0x56,0x9f,0x57,0x9f,0x56,0x9f,0x57,0x9f,0x57,0x9f,0x57,0x9f,0x56,0x9f,0x56,0x9f,0x56,0x9f,0x56,0x9f,0x56,0x9f,
0x56,0x9f,0x56,0x9f,0x56,0x9f,0x56,0x9f,0x56,0x9f,0x56,0x9f,0x56,0x9f,0x56,0x9f,0x56,0x9f,0x56,0x9f,0x56,0x9f,0x56,0x9f,0x56,0x9f,0x56,0x9f,0x56,0x9f,0x56,0x9f,
0x56,0x9f,0x56,0x9f,0x56,0x9f,0x56,0x9f,0x56,0x9f,0x56,0x9f,0x56,0x9f,0x56,0x9f,0x56,0x9f,0x56,0x9f,0x56,0x9f,0x56,0x9f,0x56,0x9f,0x56,0x9f,0x56,0x9f,0x56,0x9f,
0x56,0x9f,0x56,0x9f,0x56,0x9f,0x56,0x9f,0x56,0x9f,0x56,0x9f,0x56,0x9f,0x56,0x9f,0x56,0x9f,0x56,0x9f,0x56,0x9f,0x56,0x9f,0x56,0x9f,0x56,0x9f,0x56,0x9f,0x56,0x9f,
0x56,0x9f,0x56,0x9f,0x56,0x9f,0x56,0x9f,0x36,0x9f,0x36,0x9f,0x36,0x9f,0x36,0x9f,0x56,0x9f,0x36,0x9f,0x56,0x9f,0x56,0x9f,0x56,0x9f,0x56,0x9f,0x56,0x9f,0x56,0x9f,
0x56,0x9f,0x56,0x9f,0x56,0x9f,0x56,0x9f,0x56,0x9f,0x56,0x9f,0x56,0x9f,0x56,0x9f,0x56,0x9f,0x56,0x9f,0x56,0x9f,0x56,0x9f,0x56,0x9f,0x56,0x9f,0x56,0x9f,0x56,0x9f,
0x56,0x9f,0x56,0x9f,0x56,0x9f,0x56,0x9f,0x56,0x9f,0x56,0x9f,0x56,0x9f,0x56,0x9f,0x56,0x9f,0x56,0x9f,0x56,0x9f,0x56,0x9f,0x56,0x9f,0x56,0x9f,0x56,0x9f,0x56,0x9f,
0x56,0x9f,0x56,0x9f,0x56,0x9f,0x56,0x9f,0x56,0x9f,0x56,0x9f,0x56,0x9f,0x56,0x9f,0x56,0x9f,0x56,0x9f,0x56,0x9f,0x56,0x9f,0x56,0x9f,0x56,0x9f,0x56,0x9f,0x56,0x9f,
0x56,0x9f,0x56,0x9f,0x56,0x9f,0x56,0x9f,0x56,0x9f,0x56,0x9f,0x56,0x9f,0x56,0x9f,0x56,0x9f,0x56,0x9f,0x56,0x9f,0x56,0x9f,0x56,0x9f,0x56,0x9f,0x56,0x9f,0x57,0x9f,
0x56,0x9f,0x56,0x9f,0x57,0x9f,0x56,0x9f,0x56,0x9f,0x56,0x9f,0x56,0x9f,0x56,0x9f,0x56,0x9f,0x56,0x9f,0x56,0x9f,0x56,0x9f,0x56,0x9f,0x56,0x9f,0x56,0x9f,0x56,0x9f,
0x56,0x9f,0x56,0x9f,0x56,0x9f,0x56,0x9f,0x56,0x9f,0x56,0x9f,0x56,0x9f,0x56,0x9f,0x56,0x9f,0x56,0x9f,0x56,0x9f,0x56,0x9f,0x56,0x9f,0x56,0x9f,0x56,0x9f,0x56,0x9f,
0x56,0x9f,0x56,0x9f,0x56,0x9f,0x56,0x9f,0x56,0x9f,0x56,0x9f,0x56,0x9f,0x56,0x9f,0x56,0x9f,0x56,0x9f,0x56,0x9f,0x56,0x9f,0x56,0x9f,0x56,0x9f,0x56,0x9f,0x56,0x9f,
0x56,0x9f,0x56,0x9f,0x56,0x9f,0x56,0x9f,0x56,0x9f,0x56,0x9f,0x56,0x9f,0x56,0x9f,0x56,0x9f,0x56,0x9f,0x56,0x9f,0x56,0x9f,0x56,0x9f,0x56,0x9f,0x36,0x9f,0x56,0x9f,

};

const lv_img_dsc_t anchor_logo_140 = {
    .header.cf       = LV_IMG_CF_TRUE_COLOR,
    .header.always_zero = 0,
    .header.reserved = 0,
    .header.w        = 140,
    .header.h        = 140,
    .data_size       = 39200,
    .data            = anchor_logo_140_map,
};
